{"stats":{"minecraft:dropped":{"minecraft:wheat_seeds":1,"minecraft:oak_log":11,"arclight:moon_sapling":2,"minecraft:cobblestone":16,"mna:sachet_air":1,"minecraft:coal":55,"minecraft:stick":1,"epicsamurai:steel_ingot":4,"minecraft:wooden_axe":1,"biomesoplenty:flowering_oak_sapling":1,"epicsamurai:jade":3,"minecraft:gold_nugget":6,"mna:wand_emerald":1,"minecraft:iron_pickaxe":1,"gobber2:gobber2_gooey_bread":1,"minecraft:tuff":2,"minecraft:wheat":68,"rogcontinued:fettersofthedandeliongladiator":1,"minecraft:damaged_anvil":1,"rogcontinued:tileofdecarabianstower":4,"rogcontinued:mistveiledleadelixir":1,"minecraft:spruce_planks":12,"epicsamurai:ruby":1,"minecraft:oak_sapling":4,"minecraft:stone_pickaxe":1,"iceandfire:manuscript":1},"minecraft:custom":{"minecraft:mob_kills":22,"minecraft:interact_with_crafting_table":60,"minecraft:bell_ring":5,"minecraft:leave_game":4,"minecraft:time_since_death":138111,"minecraft:climb_one_cm":223,"minecraft:sprint_one_cm":256220,"minecraft:walk_one_cm":278316,"minecraft:drop":34,"minecraft:play_time":144564,"minecraft:deaths":1,"minecraft:sneak_time":2099,"minecraft:walk_under_water_one_cm":9057,"minecraft:jump":2029,"minecraft:interact_with_blast_furnace":51,"minecraft:walk_on_water_one_cm":9528,"minecraft:total_world_time":144564,"minecraft:interact_with_furnace":4,"minecraft:time_since_rest":138139,"minecraft:damage_taken":2544,"minecraft:trigger_trapped_chest":2,"minecraft:damage_dealt":6007,"minecraft:swim_one_cm":25400,"minecraft:fly_one_cm":403040,"minecraft:open_chest":7,"minecraft:crouch_one_cm":6947,"minecraft:fall_one_cm":57744},"minecraft:mined":{"minecraft:tuff":7,"iceandfire:silver_ore":8,"epicsamurai:deepslate_onyx_ore":6,"minecraft:deepslate_diamond_ore":7,"untamedwilds:flora_hemlock":1,"minecraft:grass_block":15,"biomesoplenty:bush":1,"epicsamurai:deepslate_ruby_ore":8,"gobber2:gobber2_lucky_block":6,"mna:vinteum_ore":5,"minecraft:hay_block":31,"epicsamurai:deepslate_jade_ore":8,"minecraft:redstone_ore":6,"minecraft:furnace":1,"minecraft:iron_ore":61,"biomesoplenty:lavender":3,"minecraft:andesite":20,"treechop:chopped_log":5,"minecraft:deepslate_lapis_ore":5,"minecraft:deepslate_iron_ore":1,"biomesoplenty:webbing":2,"biomesoplenty:spider_egg":1,"minecraft:stone":151,"minecraft:deepslate_redstone_ore":4,"minecraft:crafting_table":11,"minecraft:torch":2,"minecraft:blast_furnace":5,"galosphere:silver_ore":11,"minecraft:tall_grass":1,"minecraft:copper_ore":19,"minecraft:cobblestone":5,"minecraft:deepslate_gold_ore":14,"minecraft:oak_planks":1,"minecraft:diorite":17,"minecraft:wall_torch":2,"gobber2:gobber2_lucky_block_deepslate":6,"minecraft:grass":5,"minecraft:oak_log":1,"minecraft:coal_ore":118,"minecraft:gravel":3,"minecraft:dirt":19,"minecraft:gold_ore":10,"epicsamurai:ruby_ore":8,"minecraft:deepslate":265},"minecraft:used":{"minecraft:stone_sword":8,"iceandfire:silver_sword":50,"gobber2:gobber2_gooey_bread":13,"minecraft:torch":186,"epicsamurai:kunai":15,"minecraft:wooden_axe":36,"minecraft:stone_pickaxe":194,"minecraft:oak_planks":1,"minecraft:wooden_pickaxe":14,"iceandfire:armor_silver_metal_boots":1,"minecraft:crafting_table":12,"minecraft:blast_furnace":4,"minecraft:wooden_hoe":35,"minecraft:bread":7,"minecraft:iron_pickaxe":581,"minecraft:stone_axe":15,"rogcontinued:dragonslayer":17,"epicsamurai:katana":14,"minecraft:cobblestone":92,"minecraft:andesite":6,"alexsmobs:animal_dictionary":5},"minecraft:killed_by":{"untamedwilds:big_cat":1},"minecraft:killed":{"minecraft:cave_spider":2,"minecraft:spider":2,"enemyexpansion:direwolf":1,"naturalist:elephant":1,"naturalist:cardinal":1,"mna:hulking_zombie":1,"mna:living_ward":1,"enemyexpansion:sprinter":1,"alexsmobs:emu":1,"alexsmobs:elephant":2,"iceandfire:ghost":5,"untamedwilds:bison":1,"enemyexpansion:slugger":1},"minecraft:picked_up":{"minecraft:wooden_axe":1,"minecraft:crafting_table":10,"minecraft:wheat":6,"epicsamurai:steel_ingot":4,"mna:sachet_air":1,"rogcontinued:mistveiledleadelixir":2,"minecraft:string":2,"minecraft:raw_copper":63,"untamedwilds:food_bear_raw":3,"rogcontinued:tileofdecarabianstower":4,"epicsamurai:jade":11,"mna:vinteum_ore":5,"minecraft:cobbled_deepslate":255,"minecraft:spruce_planks":9,"minecraft:iron_nugget":2,"minecraft:iron_pickaxe":1,"minecraft:furnace":1,"minecraft:raw_iron":62,"minecraft:copper_ingot":1,"minecraft:torch":7,"iceandfire:silver_ore":7,"minecraft:diorite":17,"minecraft:redstone":45,"rogcontinued:fettersofthedandeliongladiator":1,"minecraft:rotten_flesh":2,"minecraft:hay_block":30,"minecraft:iron_block":1,"minecraft:cobblestone":160,"biomesoplenty:lavender":3,"arclight:moon_sapling":2,"minecraft:andesite":20,"minecraft:leather":4,"gobber2:gobber2_gooey_beefstew":2,"minecraft:tuff":4,"minecraft:oak_log":17,"mna:wand_emerald":1,"minecraft:lapis_lazuli":36,"minecraft:dirt":1,"minecraft:bone":4,"minecraft:wheat_seeds":1,"minecraft:raw_gold":24,"minecraft:iron_ingot":6,"minecraft:stone_pickaxe":1,"galosphere:raw_silver":10,"twigs:twig":17,"untameddelight:bison_meat":1,"gobber2:gobber2_gooey_bread":5,"epicsamurai:onyx":4,"minecraft:spruce_sapling":18,"minecraft:blast_furnace":5,"minecraft:spruce_log":35,"minecraft:spider_eye":1,"biomesoplenty:flowering_oak_sapling":1,"minecraft:diamond":7,"minecraft:oak_sapling":4,"epicsamurai:ruby":15,"minecraft:damaged_anvil":1,"minecraft:coal":208,"gobber2:gobber2_goo":5},"minecraft:crafted":{"epicsamurai:katana":1,"minecraft:oak_planks":24,"minecraft:iron_nugget":45,"magistuarmory:steel_ellipticalshield":1,"epicsamurai:kunai":1,"rogcontinued:dragonslayer":1,"minecraft:piston":2,"epicsamurai:red_samurai_chestplate":1,"epicsamurai:red_samurai_boots":1,"magistuarmory:hilt":6,"epicsamurai:red_samurai_leggings":1,"iceandfire:armor_silver_metal_leggings":1,"magistuarmory:wood_ellipticalshield":1,"minecraft:stone_pickaxe":2,"iceandfire:armor_copper_metal_chestplate":1,"galosphere:silver_ingot":9,"iceandfire:armor_silver_metal_boots":1,"minecraft:wheat":270,"magistuarmory:steel_nugget":9,"epicsamurai:katana_handle":1,"iceandfire:silver_ingot":7,"minecraft:crafting_table":3,"minecraft:spruce_planks":52,"minecraft:wooden_pickaxe":1,"minecraft:iron_helmet":1,"minecraft:copper_ingot":10,"immersive_armors:steampunk_boots":1,"gobber2:gobber2_gooey_bread":40,"minecraft:stone_axe":1,"minecraft:bread":90,"minecraft:air":0,"minecraft:wooden_hoe":1,"minecraft:gold_nugget":9,"minecraft:shield":1,"minecraft:stick":86,"minecraft:iron_block":1,"minecraft:iron_ingot":54,"minecraft:iron_pickaxe":3,"minecraft:wooden_axe":1,"minecraft:stone_sword":1,"minecraft:gold_ingot":14,"epicsamurai:steel_ingot":20,"minecraft:torch":232,"iceandfire:silver_sword":1,"epicsamurai:knive_handle":1,"epicsamurai:green_samurai_leggings":1,"epicsamurai:red_samurai_helmet":1,"magistuarmory:leather_strip":6},"minecraft:broken":{"minecraft:stone_pickaxe":1,"minecraft:iron_pickaxe":2}},"DataVersion":3120}