{"stats":{"minecraft:killed":{"minecraft:cave_spider":1,"mna:pixie":1,"iceandfire:ghost":3},"minecraft:picked_up":{"minecraft:wooden_axe":1,"minecraft:cocoa_beans":18,"minecraft:crafting_table":4,"minecraft:smithing_table":2,"mna:sachet_air":3,"minecraft:oak_stairs":3,"rogcontinued:mistveiledleadelixir":2,"minecraft:string":3,"minecraft:raw_copper":69,"rogcontinued:tileofdecarabianstower":1,"mna:vinteum_ore":6,"minecraft:oak_sign":1,"minecraft:cobbled_deepslate":50,"twigs:pebble":4,"minecraft:spruce_planks":1,"minecraft:rose_bush":1,"minecraft:poppy":7,"minecraft:lectern":1,"minecraft:melon_slice":14,"biomesoplenty:wildflower":6,"minecraft:chest":7,"minecraft:egg":52,"minecraft:dark_oak_sapling":5,"minecraft:raw_iron":99,"iceandfire:dragonbone":4,"minecraft:torch":6,"iceandfire:silver_ore":14,"ironchest:iron_chest":3,"farmersdelight:tomato_seeds":16,"iceandfire:rotten_egg":2,"minecraft:diorite":9,"minecraft:redstone":22,"rogcontinued:fettersofthedandeliongladiator":1,"mna:sachet_ender":2,"minecraft:cauldron":1,"gobber2:gobber2_foo":2,"farmersdelight:onion":9,"minecraft:brick_stairs":1,"minecraft:skeleton_skull":2,"minecraft:cobblestone":327,"arclight:moon_sapling":7,"minecraft:andesite":2,"gobber2:gobber2_gooey_beefstew":5,"minecraft:leather":4,"minecraft:potato":37,"minecraft:flint":6,"minecraft:oak_log":75,"minecraft:paper":2,"minecraft:lapis_lazuli":45,"minecraft:dirt":547,"untamedwilds:food_turtle_raw":4,"minecraft:apple":29,"gobber2:gobber2_gooey_beef":10,"minecraft:wheat_seeds":6,"minecraft:raw_gold":20,"biomesoplenty:glowworm_silk":5,"galosphere:raw_silver":8,"twigs:twig":40,"epicsamurai:raw_silver":6,"minecraft:oak_planks":1,"gobber2:gobber2_gooey_bread":12,"minecraft:gravel":11,"minecraft:spruce_sapling":21,"minecraft:blast_furnace":1,"minecraft:white_bed":1,"minecraft:spruce_log":31,"minecraft:dark_oak_log":8,"minecraft:spider_eye":2,"biomesoplenty:flowering_oak_sapling":1,"minecraft:mossy_cobblestone":2,"arclight:cloudstone_cobbled":12,"waystones:waystone":2,"minecraft:granite":30,"alexsmobs:maggot":2,"minecraft:oak_sapling":15,"epicsamurai:ruby":9,"twigs:rhyolite":1,"gobber2:gobber2_goo":11,"minecraft:coal":38},"minecraft:killed_by":{"iceandfire:ghost":1},"minecraft:dropped":{"minecraft:wheat_seeds":2,"arclight:moon_sapling":5,"minecraft:mossy_cobblestone":1,"minecraft:feather":1,"minecraft:cobblestone":153,"minecraft:granite":30,"mna:sachet_air":1,"minecraft:copper_ingot":1,"galosphere:raw_silver":2,"minecraft:diorite":7,"minecraft:wooden_axe":1,"minecraft:rose_bush":1,"minecraft:string":1,"iceandfire:dragonbone":2,"minecraft:cobbled_deepslate":32,"minecraft:raw_copper":22,"iceandfire:silver_ore":7,"minecraft:oak_planks":1,"minecraft:poppy":2,"rogcontinued:mistveiledleadelixir":1,"minecraft:andesite":2,"minecraft:oak_sapling":7,"minecraft:spider_eye":2,"minecraft:stone_pickaxe":2,"minecraft:egg":16},"minecraft:mined":{"minecraft:spruce_planks":1,"minecraft:white_bed":1,"iceandfire:silver_ore":7,"minecraft:mossy_cobblestone":1,"biomesoplenty:desert_grass":5,"minecraft:granite":75,"biomesoplenty:bush":11,"epicsamurai:deepslate_ruby_ore":9,"minecraft:grass_block":260,"gobber2:gobber2_lucky_block":15,"minecraft:brick_stairs":1,"mna:vinteum_ore":6,"minecraft:redstone_ore":4,"minecraft:iron_ore":73,"minecraft:andesite":62,"treechop:chopped_log":8,"minecraft:deepslate_lapis_ore":7,"minecraft:deepslate_iron_ore":26,"minecraft:water_cauldron":1,"minecraft:vine":1,"minecraft:oak_stairs":3,"biomesoplenty:webbing":6,"epicsamurai:deepslate_silver_ore":6,"ironchest:iron_chest":3,"biomesoplenty:spider_egg":1,"minecraft:stone":453,"minecraft:smithing_table":2,"minecraft:deepslate_redstone_ore":1,"twigs:pebble":1,"biomesoplenty:glowworm_silk":6,"biomesoplenty:wildflower":1,"galosphere:deepslate_silver_ore":5,"minecraft:crafting_table":4,"minecraft:torch":6,"minecraft:blast_furnace":1,"minecraft:poppy":3,"minecraft:melon":1,"minecraft:chest":7,"minecraft:lectern":1,"minecraft:copper_ore":11,"minecraft:cobblestone":3,"minecraft:deepslate_gold_ore":4,"arclight:cloudstone":12,"minecraft:damaged_anvil":1,"minecraft:diorite":10,"minecraft:wall_torch":1,"minecraft:deepslate_copper_ore":3,"minecraft:skeleton_skull":2,"biomesoplenty:glowworm_silk_strand":1,"gobber2:gobber2_lucky_block_deepslate":24,"minecraft:grass":12,"minecraft:oak_log":5,"minecraft:coal_ore":38,"minecraft:cocoa":3,"minecraft:gravel":38,"minecraft:dirt":311,"minecraft:cobweb":2,"twigs:rhyolite":1,"minecraft:gold_ore":16,"minecraft:oak_leaves":42,"minecraft:deepslate":39,"minecraft:fern":1},"minecraft:used":{"minecraft:oak_fence":9,"minecraft:stone_sword":34,"minecraft:stone_shovel":131,"minecraft:poppy":5,"minecraft:oak_sign":3,"minecraft:chest":13,"gobber2:gobber2_gooey_bread":8,"minecraft:spruce_planks":113,"minecraft:shield":28,"minecraft:iron_chestplate":1,"minecraft:torch":111,"minecraft:dirt":223,"twigs:rhyolite":1,"ironchest:iron_chest":5,"alexsmobs:maggot":2,"minecraft:oak_stairs":15,"minecraft:brick_stairs":1,"minecraft:iron_helmet":1,"minecraft:oak_sapling":4,"minecraft:furnace":4,"minecraft:egg":4,"minecraft:cobbled_deepslate":2,"arclight:moon_sapling":1,"minecraft:golden_axe":32,"minecraft:dark_oak_sapling":5,"minecraft:diorite":2,"minecraft:stone_pickaxe":387,"minecraft:wooden_pickaxe":60,"minecraft:cauldron":1,"minecraft:mossy_cobblestone":1,"minecraft:crafting_table":8,"minecraft:blast_furnace":1,"minecraft:white_bed":1,"biomesoplenty:wildflower":2,"waystones:waystone":2,"minecraft:bread":35,"minecraft:iron_pickaxe":507,"minecraft:spruce_sapling":1,"twigs:twig":2,"minecraft:fishing_rod":1,"minecraft:cobblestone":1,"minecraft:smithing_table":1,"alexsmobs:animal_dictionary":2},"minecraft:broken":{"minecraft:wooden_pickaxe":1,"minecraft:stone_pickaxe":2,"minecraft:golden_axe":1,"minecraft:iron_pickaxe":2,"minecraft:stone_shovel":1},"minecraft:crafted":{"minecraft:oak_planks":284,"minecraft:raw_iron":9,"minecraft:stone_shovel":1,"minecraft:oak_sign":3,"minecraft:fishing_rod":1,"minecraft:furnace":4,"minecraft:stone_pickaxe":5,"minecraft:chest":10,"minecraft:dark_oak_planks":32,"minecraft:oak_fence":9,"minecraft:raw_iron_block":1,"minecraft:crafting_table":5,"minecraft:spruce_planks":124,"minecraft:wooden_pickaxe":1,"minecraft:iron_helmet":1,"minecraft:copper_ingot":1,"minecraft:air":0,"minecraft:iron_chestplate":1,"minecraft:charcoal":4,"minecraft:shield":1,"minecraft:stick":66,"minecraft:iron_ingot":123,"minecraft:iron_pickaxe":2,"minecraft:oak_stairs":12,"minecraft:iron_block":8,"minecraft:stone_sword":1,"epicsamurai:steel_ingot":3,"minecraft:torch":112,"ironchest:iron_chest":3},"minecraft:custom":{"minecraft:interact_with_smithing_table":2,"minecraft:mob_kills":6,"minecraft:interact_with_crafting_table":76,"minecraft:leave_game":8,"minecraft:time_since_death":315265,"minecraft:climb_one_cm":1423,"minecraft:sprint_one_cm":1050370,"minecraft:walk_one_cm":989878,"minecraft:damage_blocked_by_shield":300,"minecraft:drop":45,"minecraft:talked_to_villager":1,"minecraft:play_time":340039,"minecraft:deaths":1,"minecraft:sneak_time":379,"minecraft:walk_under_water_one_cm":18535,"minecraft:jump":3227,"minecraft:interact_with_blast_furnace":20,"minecraft:walk_on_water_one_cm":28145,"minecraft:total_world_time":340039,"minecraft:interact_with_furnace":40,"minecraft:sleep_in_bed":12,"minecraft:time_since_rest":34132,"minecraft:waystone_activated":3,"minecraft:damage_taken":1856,"minecraft:trigger_trapped_chest":4,"minecraft:damage_dealt":1575,"minecraft:swim_one_cm":34049,"minecraft:open_chest":144,"minecraft:fly_one_cm":332769,"minecraft:crouch_one_cm":1412,"minecraft:fall_one_cm":52192}},"DataVersion":3120}