{"stats":{"minecraft:dropped":{"minecraft:wheat_seeds":2,"arclight:moon_sapling":5,"minecraft:mossy_cobblestone":1,"minecraft:feather":1,"minecraft:cobblestone":21,"minecraft:granite":1,"mna:sachet_air":1,"minecraft:copper_ingot":1,"galosphere:raw_silver":2,"minecraft:diorite":7,"minecraft:wooden_axe":1,"minecraft:rose_bush":1,"minecraft:string":1,"iceandfire:dragonbone":1,"minecraft:cobbled_deepslate":32,"minecraft:raw_copper":22,"minecraft:oak_planks":1,"minecraft:poppy":2,"rogcontinued:mistveiledleadelixir":1,"minecraft:andesite":2,"minecraft:oak_sapling":7,"minecraft:spider_eye":2,"minecraft:egg":16},"minecraft:mined":{"minecraft:spruce_planks":1,"minecraft:white_bed":1,"minecraft:mossy_cobblestone":1,"iceandfire:silver_ore":7,"biomesoplenty:desert_grass":5,"minecraft:granite":1,"epicsamurai:deepslate_ruby_ore":9,"biomesoplenty:bush":11,"minecraft:grass_block":226,"gobber2:gobber2_lucky_block":11,"minecraft:brick_stairs":1,"mna:vinteum_ore":3,"minecraft:redstone_ore":3,"minecraft:iron_ore":71,"minecraft:andesite":1,"treechop:chopped_log":8,"minecraft:deepslate_lapis_ore":7,"minecraft:deepslate_iron_ore":26,"minecraft:water_cauldron":1,"minecraft:oak_stairs":3,"biomesoplenty:webbing":4,"minecraft:stone":196,"biomesoplenty:spider_egg":1,"minecraft:smithing_table":1,"minecraft:deepslate_redstone_ore":1,"twigs:pebble":1,"biomesoplenty:glowworm_silk":6,"biomesoplenty:wildflower":1,"galosphere:deepslate_silver_ore":5,"minecraft:crafting_table":4,"minecraft:torch":5,"minecraft:blast_furnace":1,"minecraft:poppy":3,"minecraft:melon":1,"minecraft:lectern":1,"minecraft:copper_ore":7,"minecraft:cobblestone":3,"minecraft:deepslate_gold_ore":1,"minecraft:damaged_anvil":1,"arclight:cloudstone":6,"minecraft:diorite":5,"minecraft:wall_torch":1,"minecraft:deepslate_copper_ore":3,"biomesoplenty:glowworm_silk_strand":1,"gobber2:gobber2_lucky_block_deepslate":23,"minecraft:grass":12,"minecraft:oak_log":5,"minecraft:coal_ore":28,"minecraft:cocoa":1,"minecraft:gravel":4,"minecraft:dirt":169,"minecraft:cobweb":2,"twigs:rhyolite":1,"minecraft:gold_ore":16,"minecraft:oak_leaves":42,"minecraft:deepslate":33,"minecraft:fern":1},"minecraft:custom":{"minecraft:interact_with_smithing_table":1,"minecraft:mob_kills":3,"minecraft:interact_with_crafting_table":57,"minecraft:leave_game":6,"minecraft:time_since_death":232817,"minecraft:climb_one_cm":1312,"minecraft:sprint_one_cm":753138,"minecraft:walk_one_cm":832890,"minecraft:drop":36,"minecraft:talked_to_villager":1,"minecraft:play_time":257591,"minecraft:deaths":1,"minecraft:sneak_time":362,"minecraft:walk_under_water_one_cm":18370,"minecraft:jump":2479,"minecraft:interact_with_blast_furnace":19,"minecraft:walk_on_water_one_cm":26961,"minecraft:total_world_time":257591,"minecraft:interact_with_furnace":37,"minecraft:sleep_in_bed":11,"minecraft:time_since_rest":94112,"minecraft:waystone_activated":3,"minecraft:damage_taken":1211,"minecraft:trigger_trapped_chest":1,"minecraft:damage_dealt":709,"minecraft:swim_one_cm":17354,"minecraft:fly_one_cm":212702,"minecraft:open_chest":67,"minecraft:crouch_one_cm":1310,"minecraft:fall_one_cm":35107},"minecraft:used":{"minecraft:oak_fence":9,"minecraft:stone_sword":14,"minecraft:poppy":5,"minecraft:oak_sign":3,"gobber2:gobber2_gooey_bread":1,"minecraft:spruce_planks":87,"minecraft:chest":4,"minecraft:iron_chestplate":1,"minecraft:torch":102,"minecraft:dirt":201,"twigs:rhyolite":1,"alexsmobs:maggot":2,"minecraft:oak_stairs":15,"minecraft:brick_stairs":1,"minecraft:iron_helmet":1,"minecraft:furnace":3,"minecraft:oak_sapling":4,"minecraft:egg":4,"arclight:moon_sapling":1,"minecraft:golden_axe":32,"minecraft:dark_oak_sapling":5,"minecraft:diorite":2,"minecraft:stone_pickaxe":266,"minecraft:wooden_pickaxe":60,"minecraft:mossy_cobblestone":1,"minecraft:crafting_table":7,"minecraft:blast_furnace":1,"minecraft:white_bed":1,"biomesoplenty:wildflower":2,"waystones:waystone":2,"minecraft:bread":35,"minecraft:iron_pickaxe":175,"minecraft:spruce_sapling":1,"twigs:twig":2,"minecraft:cobblestone":1,"alexsmobs:animal_dictionary":2},"minecraft:killed_by":{"iceandfire:ghost":1},"minecraft:killed":{"minecraft:cave_spider":1,"mna:pixie":1},"minecraft:picked_up":{"minecraft:wooden_axe":1,"minecraft:cocoa_beans":3,"minecraft:crafting_table":4,"minecraft:smithing_table":1,"mna:sachet_air":3,"minecraft:oak_stairs":3,"rogcontinued:mistveiledleadelixir":2,"minecraft:string":3,"minecraft:raw_copper":55,"rogcontinued:tileofdecarabianstower":1,"mna:vinteum_ore":3,"minecraft:cobbled_deepslate":44,"minecraft:spruce_planks":1,"twigs:pebble":1,"minecraft:rose_bush":1,"minecraft:poppy":5,"minecraft:lectern":1,"minecraft:melon_slice":7,"biomesoplenty:wildflower":4,"minecraft:egg":36,"minecraft:dark_oak_sapling":5,"minecraft:raw_iron":97,"iceandfire:dragonbone":1,"minecraft:torch":4,"iceandfire:silver_ore":7,"iceandfire:rotten_egg":1,"minecraft:diorite":9,"minecraft:redstone":18,"rogcontinued:fettersofthedandeliongladiator":1,"mna:sachet_ender":2,"minecraft:cauldron":1,"gobber2:gobber2_foo":2,"minecraft:brick_stairs":1,"minecraft:cobblestone":204,"arclight:moon_sapling":7,"minecraft:andesite":2,"gobber2:gobber2_gooey_beefstew":5,"minecraft:flint":1,"minecraft:oak_log":75,"minecraft:lapis_lazuli":45,"minecraft:dirt":395,"minecraft:apple":3,"gobber2:gobber2_gooey_beef":8,"minecraft:wheat_seeds":4,"minecraft:raw_gold":17,"biomesoplenty:glowworm_silk":5,"galosphere:raw_silver":8,"twigs:twig":21,"minecraft:oak_planks":1,"gobber2:gobber2_gooey_bread":10,"minecraft:gravel":3,"minecraft:spruce_sapling":11,"minecraft:blast_furnace":1,"minecraft:white_bed":1,"minecraft:spruce_log":31,"biomesoplenty:flowering_oak_sapling":1,"minecraft:dark_oak_log":8,"minecraft:spider_eye":2,"minecraft:mossy_cobblestone":2,"arclight:cloudstone_cobbled":6,"waystones:waystone":2,"minecraft:granite":1,"alexsmobs:maggot":2,"epicsamurai:ruby":9,"minecraft:oak_sapling":10,"twigs:rhyolite":1,"gobber2:gobber2_goo":10,"minecraft:coal":28},"minecraft:crafted":{"minecraft:oak_planks":164,"minecraft:stone_shovel":1,"minecraft:oak_sign":3,"minecraft:fishing_rod":1,"minecraft:furnace":3,"minecraft:stone_pickaxe":2,"minecraft:chest":4,"minecraft:dark_oak_planks":32,"minecraft:oak_fence":9,"minecraft:crafting_table":4,"minecraft:spruce_planks":124,"minecraft:wooden_pickaxe":1,"minecraft:iron_helmet":1,"minecraft:copper_ingot":1,"minecraft:air":0,"minecraft:iron_chestplate":1,"minecraft:charcoal":4,"minecraft:shield":1,"minecraft:iron_block":6,"minecraft:stick":58,"minecraft:iron_ingot":75,"minecraft:iron_pickaxe":1,"minecraft:oak_stairs":12,"minecraft:stone_sword":1,"epicsamurai:steel_ingot":3,"minecraft:torch":112},"minecraft:broken":{"minecraft:wooden_pickaxe":1,"minecraft:stone_pickaxe":2,"minecraft:golden_axe":1}},"DataVersion":3120}