{"stats":{"minecraft:dropped":{"minecraft:dirt":192,"minecraft:wheat_seeds":2,"iceandfire:rotten_egg":5,"biomesoplenty:flowering_oak_sapling":16,"minecraft:oak_sapling":50,"minecraft:feather":4,"minecraft:white_wool":1,"twigs:twig":36},"minecraft:crafted":{"minecraft:oak_planks":352,"minecraft:crafting_table":1,"minecraft:chest":2},"minecraft:custom":{"minecraft:time_since_rest":29432,"minecraft:sprint_one_cm":4412,"minecraft:damage_taken":605,"minecraft:walk_one_cm":334791,"minecraft:mob_kills":10,"minecraft:drop":26,"minecraft:damage_dealt":2085,"minecraft:interact_with_crafting_table":2,"minecraft:fly_one_cm":2892,"minecraft:open_chest":3,"minecraft:crouch_one_cm":222,"minecraft:play_time":43723,"minecraft:sneak_time":38,"minecraft:jump":244,"minecraft:walk_on_water_one_cm":763,"minecraft:time_since_death":43723,"minecraft:sleep_in_bed":2,"minecraft:total_world_time":43723,"minecraft:fall_one_cm":753},"minecraft:used":{"minecraft:apple":3,"minecraft:iron_shovel":146,"minecraft:iron_axe":354,"minecraft:chest":2,"minecraft:crafting_table":1,"alexsmobs:animal_dictionary":5},"minecraft:picked_up":{"paraglider:paraglider":1,"biomesoplenty:redwood_log":755,"minecraft:feather":4,"minecraft:chicken":4,"minecraft:leather":6,"biomesoplenty:jacaranda_sapling":2,"minecraft:oak_log":88,"iceandfire:rotten_egg":5,"minecraft:white_bed":1,"rogcontinued:fettersofthedandeliongladiator":1,"minecraft:dirt":192,"biomesoplenty:flowering_oak_sapling":16,"minecraft:iron_axe":2,"untamedwilds:flora_junegrass":2,"minecraft:iron_shovel":1,"farmersdelight:fried_egg":13,"minecraft:bone":25,"minecraft:apple":5,"biomesoplenty:jacaranda_log":1,"untamedwilds:material_fat":5,"minecraft:wheat_seeds":2,"minecraft:poppy":1,"biomesoplenty:redwood_sapling":53,"untameddelight:bison_meat":8,"minecraft:oak_sapling":50,"twigs:twig":60,"minecraft:mutton":2,"minecraft:white_wool":1,"minecraft:egg":49},"minecraft:broken":{"minecraft:iron_axe":1},"minecraft:mined":{"biomesoplenty:tall_lavender":1,"minecraft:white_bed":1,"untamedwilds:flora_junegrass":1,"biomesoplenty:lavender":4,"treechop:chopped_log":23,"minecraft:grass":18,"minecraft:grass_block":160,"minecraft:oak_log":3,"biomesoplenty:redwood_log":16,"minecraft:dirt_path":1,"biomesoplenty:flowering_oak_leaves":3,"biomesoplenty:sprout":6,"minecraft:oak_leaves":9,"minecraft:fern":1},"minecraft:killed":{"minecraft:sheep":1,"minecraft:zombie":1,"minecraft:chicken":3,"untamedwilds:snake":2,"enemyexpansion:wasp":3}},"DataVersion":3120}