{"stats":{"minecraft:dropped":{"minecraft:stone_axe":1,"biomesoplenty:jacaranda_sapling":3,"minecraft:wheat_seeds":47,"arclight:moon_sapling":1,"untamedwilds:material_fat":5,"biomesoplenty:redwood_sapling":248,"untamedwilds:flora_bush_temperate":1,"untamedwilds:flora_yarrow":4,"minecraft:feather":4,"minecraft:rotten_flesh":9,"biomesoplenty:redwood_planks":58,"biomesoplenty:jacaranda_planks":1,"biomesoplenty:sprout":6,"biomesoplenty:jacaranda_log":1,"minecraft:poppy":2,"minecraft:dirt":384,"minecraft:allium":32,"iceandfire:rotten_egg":5,"biomesoplenty:flowering_oak_sapling":16,"minecraft:oak_sapling":102,"biomesoplenty:jacaranda_leaves":2,"farmersdelight:onion":2,"minecraft:string":3,"minecraft:white_wool":1,"twigs:twig":242},"minecraft:crafted":{"minecraft:wooden_sword":1,"minecraft:oak_planks":352,"biomesoplenty:jacaranda_planks":1054,"biomesoplenty:redwood_door":6,"minecraft:crafting_table":1,"biomesoplenty:redwood_planks":768,"minecraft:wooden_pickaxe":1,"minecraft:bone_meal":75,"minecraft:stone_axe":2,"minecraft:stick":132,"minecraft:stone_pickaxe":1,"minecraft:chest":2,"minecraft:torch":16,"biomesoplenty:jacaranda_stairs":4},"minecraft:custom":{"minecraft:mob_kills":25,"minecraft:interact_with_crafting_table":18,"minecraft:time_since_death":193723,"minecraft:sleep_in_bed":4,"minecraft:time_since_rest":67228,"minecraft:sprint_one_cm":16858,"minecraft:damage_taken":1815,"minecraft:walk_one_cm":1186114,"minecraft:drop":71,"minecraft:damage_dealt":5627,"minecraft:fly_one_cm":13993,"minecraft:open_chest":22,"minecraft:crouch_one_cm":269,"minecraft:play_time":193723,"minecraft:sneak_time":305,"minecraft:walk_under_water_one_cm":3599,"minecraft:jump":1324,"minecraft:walk_on_water_one_cm":12850,"minecraft:total_world_time":193723,"minecraft:fall_one_cm":15469},"minecraft:used":{"untameddelight:boar_chop":1,"biomesoplenty:redwood_door":4,"minecraft:iron_shovel":217,"minecraft:stone_pickaxe":68,"biomesoplenty:redwood_planks":355,"minecraft:wooden_pickaxe":49,"minecraft:chest":2,"untameddelight:bison_meat":9,"minecraft:torch":18,"minecraft:mutton":2,"minecraft:crafting_table":1,"minecraft:white_bed":1,"biomesoplenty:jacaranda_planks":647,"minecraft:apple":5,"minecraft:iron_axe":481,"minecraft:cobblestone":41,"rogcontinued:bonelance":26,"minecraft:wooden_sword":1,"biomesoplenty:jacaranda_stairs":2,"minecraft:stone_axe":265,"biomesoplenty:jacaranda_sapling":117,"alexsmobs:animal_dictionary":5,"minecraft:bone_meal":75},"minecraft:picked_up":{"paraglider:paraglider":1,"biomesoplenty:redwood_log":1718,"arclight:moon_sapling":1,"minecraft:allium":32,"minecraft:feather":4,"minecraft:chicken":4,"minecraft:leather":8,"biomesoplenty:jacaranda_sapling":120,"rogcontinued:mistveiledleadelixir":1,"minecraft:oak_log":88,"biomesoplenty:jacaranda_planks":9,"minecraft:string":5,"minecraft:dirt":386,"minecraft:iron_axe":2,"untamedwilds:flora_junegrass":2,"minecraft:iron_shovel":1,"minecraft:bone":33,"rogcontinued:bonelance":1,"minecraft:apple":5,"untamedwilds:material_fat":10,"minecraft:wheat_seeds":47,"rogcontinued:borealwolfsmilktooth":3,"minecraft:poppy":3,"biomesoplenty:sprout":6,"twigs:twig":224,"untameddelight:bison_meat":9,"minecraft:egg":49,"minecraft:raw_iron":8,"minecraft:stick":1,"minecraft:torch":4,"iceandfire:silver_ore":4,"untamedwilds:flora_bush_temperate":1,"iceandfire:rotten_egg":5,"minecraft:white_bed":1,"biomesoplenty:jacaranda_leaves":4,"rogcontinued:fettersofthedandeliongladiator":2,"rogcontinued:luminoussandsfromguyun":5,"biomesoplenty:flowering_oak_sapling":16,"biomesoplenty:redwood_planks":61,"farmersdelight:fried_egg":13,"minecraft:rotten_flesh":9,"biomesoplenty:jacaranda_log":200,"minecraft:stone_axe":1,"farmersdelight:onion":8,"minecraft:granite":4,"untameddelight:boar_chop":6,"biomesoplenty:redwood_sapling":254,"rogcontinued:grainofaerosiderite":1,"minecraft:oak_sapling":102,"untamedwilds:flora_yarrow":6,"minecraft:mutton":2,"minecraft:coal":42,"minecraft:white_wool":1,"minecraft:cobblestone":52,"rogcontinued:ironchunk":1},"minecraft:broken":{"minecraft:iron_shovel":1,"minecraft:iron_axe":2,"minecraft:stone_axe":2},"minecraft:mined":{"minecraft:podzol":45,"iceandfire:silver_ore":4,"biomesoplenty:jacaranda_leaves":35,"biomesoplenty:redwood_planks":4,"minecraft:white_bed":1,"untamedwilds:flora_junegrass":1,"biomesoplenty:jacaranda_planks":9,"minecraft:torch":3,"minecraft:granite":5,"untamedwilds:flora_bush_temperate":1,"minecraft:allium":5,"minecraft:grass_block":160,"biomesoplenty:flowering_oak_leaves":3,"twigs:twig":3,"minecraft:tall_grass":1,"biomesoplenty:sprout":8,"untamedwilds:block_burrow":1,"untamedwilds:flora_yarrow":1,"farmersdelight:wild_onions":7,"biomesoplenty:jacaranda_log":3,"biomesoplenty:tall_lavender":1,"minecraft:iron_ore":8,"biomesoplenty:lavender":4,"treechop:chopped_log":60,"minecraft:coal_ore":44,"minecraft:grass":55,"minecraft:oak_log":3,"biomesoplenty:redwood_log":32,"minecraft:dirt_path":1,"biomesoplenty:redwood_leaves":6,"minecraft:dirt":58,"minecraft:stone":55,"minecraft:oak_leaves":9,"minecraft:fern":29},"minecraft:killed":{"mna:hulking_zombie":2,"mna:witch_hunter":1,"enemyexpansion:direwolf":3,"minecraft:skeleton":2,"minecraft:sheep":1,"minecraft:zombie":3,"minecraft:chicken":3,"untamedwilds:bison":1,"untamedwilds:snake":2,"enemyexpansion:wasp":7}},"DataVersion":3120}