{"stats":{"minecraft:dropped":{"biomesoplenty:jacaranda_sapling":3,"minecraft:wheat_seeds":4,"untamedwilds:material_fat":5,"biomesoplenty:redwood_sapling":246,"untamedwilds:flora_yarrow":1,"minecraft:feather":4,"biomesoplenty:redwood_planks":58,"biomesoplenty:sprout":3,"minecraft:poppy":1,"minecraft:dirt":320,"iceandfire:rotten_egg":5,"biomesoplenty:flowering_oak_sapling":16,"minecraft:oak_sapling":50,"minecraft:white_wool":1,"twigs:twig":181},"minecraft:crafted":{"minecraft:oak_planks":352,"biomesoplenty:redwood_door":6,"minecraft:crafting_table":1,"biomesoplenty:redwood_planks":768,"minecraft:chest":2},"minecraft:custom":{"minecraft:mob_kills":11,"minecraft:interact_with_crafting_table":5,"minecraft:time_since_death":67723,"minecraft:sleep_in_bed":3,"minecraft:time_since_rest":9394,"minecraft:sprint_one_cm":4556,"minecraft:damage_taken":870,"minecraft:walk_one_cm":483336,"minecraft:drop":43,"minecraft:damage_dealt":2366,"minecraft:fly_one_cm":5302,"minecraft:open_chest":9,"minecraft:crouch_one_cm":222,"minecraft:play_time":67723,"minecraft:sneak_time":44,"minecraft:jump":377,"minecraft:walk_on_water_one_cm":763,"minecraft:total_world_time":67723,"minecraft:fall_one_cm":3162},"minecraft:used":{"biomesoplenty:redwood_door":4,"minecraft:iron_shovel":217,"biomesoplenty:redwood_planks":324,"minecraft:chest":2,"minecraft:crafting_table":1,"minecraft:white_bed":1,"minecraft:apple":5,"minecraft:iron_axe":481,"alexsmobs:animal_dictionary":5},"minecraft:picked_up":{"paraglider:paraglider":1,"biomesoplenty:redwood_log":1634,"minecraft:feather":4,"minecraft:chicken":4,"minecraft:leather":6,"biomesoplenty:jacaranda_sapling":3,"minecraft:oak_log":88,"minecraft:dirt":384,"minecraft:iron_axe":2,"untamedwilds:flora_junegrass":2,"minecraft:iron_shovel":1,"minecraft:bone":25,"minecraft:apple":5,"untamedwilds:material_fat":10,"minecraft:wheat_seeds":6,"minecraft:poppy":2,"biomesoplenty:sprout":6,"twigs:twig":151,"untameddelight:bison_meat":8,"minecraft:egg":49,"minecraft:stick":1,"minecraft:torch":3,"iceandfire:rotten_egg":5,"minecraft:white_bed":1,"rogcontinued:fettersofthedandeliongladiator":1,"biomesoplenty:flowering_oak_sapling":16,"biomesoplenty:redwood_planks":60,"farmersdelight:fried_egg":13,"biomesoplenty:jacaranda_log":1,"biomesoplenty:redwood_sapling":188,"minecraft:oak_sapling":50,"untamedwilds:flora_yarrow":2,"minecraft:mutton":2,"minecraft:white_wool":1,"rogcontinued:ironchunk":1},"minecraft:broken":{"minecraft:iron_shovel":1,"minecraft:iron_axe":2},"minecraft:mined":{"minecraft:podzol":31,"biomesoplenty:redwood_planks":3,"minecraft:white_bed":1,"untamedwilds:flora_junegrass":1,"minecraft:torch":3,"minecraft:grass_block":160,"biomesoplenty:flowering_oak_leaves":3,"twigs:twig":1,"biomesoplenty:sprout":6,"untamedwilds:flora_yarrow":1,"biomesoplenty:tall_lavender":1,"biomesoplenty:lavender":4,"treechop:chopped_log":24,"minecraft:grass":18,"minecraft:oak_log":3,"biomesoplenty:redwood_log":28,"minecraft:dirt_path":1,"minecraft:dirt":56,"minecraft:oak_leaves":9,"minecraft:fern":24},"minecraft:killed":{"minecraft:sheep":1,"minecraft:zombie":1,"minecraft:chicken":3,"untamedwilds:snake":2,"enemyexpansion:wasp":4}},"DataVersion":3120}