{"stats":{"minecraft:dropped":{"minecraft:wheat_seeds":47,"biomesoplenty:jacaranda_sapling":3,"arclight:moon_sapling":1,"untamedwilds:material_fat":5,"untamedwilds:flora_yarrow":4,"minecraft:feather":4,"biomesoplenty:jacaranda_planks":1,"minecraft:stick":3,"biomesoplenty:jacaranda_log":1,"minecraft:dirt":384,"biomesoplenty:flowering_oak_sapling":16,"biomesoplenty:jacaranda_leaves":2,"farmersdelight:onion":2,"minecraft:string":7,"minecraft:white_wool":1,"twigs:twig":242,"minecraft:stone_axe":1,"biomesoplenty:redwood_sapling":312,"untamedwilds:flora_bush_temperate":1,"minecraft:rotten_flesh":9,"biomesoplenty:redwood_planks":58,"biomesoplenty:sprout":6,"minecraft:poppy":2,"minecraft:allium":32,"iceandfire:rotten_egg":5,"minecraft:oak_sapling":102,"minecraft:spider_eye":1},"minecraft:crafted":{"minecraft:wooden_sword":1,"minecraft:oak_planks":352,"minecraft:bone_meal":75,"minecraft:stone_pickaxe":1,"minecraft:chest":2,"biomesoplenty:jacaranda_stairs":4,"minecraft:cooked_beef":12,"biomesoplenty:jacaranda_planks":1054,"iceandfire:silver_ingot":13,"biomesoplenty:redwood_door":6,"minecraft:crafting_table":1,"biomesoplenty:redwood_planks":768,"minecraft:wooden_pickaxe":1,"minecraft:stone_axe":2,"minecraft:stick":132,"minecraft:iron_ingot":17,"minecraft:iron_pickaxe":1,"minecraft:iron_block":1,"minecraft:torch":144},"minecraft:custom":{"minecraft:mob_kills":32,"minecraft:interact_with_crafting_table":23,"minecraft:time_since_death":217723,"minecraft:sprint_one_cm":16884,"minecraft:walk_one_cm":1234901,"minecraft:drop":75,"minecraft:play_time":217723,"minecraft:sneak_time":305,"minecraft:walk_under_water_one_cm":3599,"minecraft:jump":1483,"minecraft:walk_on_water_one_cm":12850,"minecraft:total_world_time":217723,"minecraft:interact_with_furnace":6,"minecraft:sleep_in_bed":4,"minecraft:time_since_rest":91228,"minecraft:damage_taken":2080,"minecraft:damage_dealt":6747,"minecraft:fly_one_cm":14747,"minecraft:open_chest":41,"minecraft:crouch_one_cm":269,"minecraft:fall_one_cm":16839},"minecraft:used":{"biomesoplenty:redwood_door":4,"minecraft:iron_shovel":217,"biomesoplenty:redwood_planks":355,"minecraft:chest":2,"minecraft:torch":23,"minecraft:mutton":2,"minecraft:granite":1,"minecraft:iron_axe":481,"biomesoplenty:jacaranda_stairs":2,"biomesoplenty:jacaranda_sapling":117,"untameddelight:boar_chop":3,"minecraft:stone_pickaxe":118,"minecraft:wooden_pickaxe":49,"untameddelight:bison_meat":9,"minecraft:crafting_table":1,"minecraft:white_bed":1,"biomesoplenty:jacaranda_planks":647,"minecraft:apple":5,"rogcontinued:bonelance":37,"minecraft:stone_axe":265,"minecraft:wooden_sword":1,"minecraft:cobblestone":41,"alexsmobs:animal_dictionary":5,"minecraft:bone_meal":75},"minecraft:picked_up":{"biomesoplenty:redwood_log":1718,"minecraft:allium":32,"minecraft:chicken":4,"biomesoplenty:jacaranda_sapling":120,"rogcontinued:mistveiledleadelixir":1,"minecraft:string":7,"minecraft:iron_axe":2,"minecraft:iron_shovel":1,"biomesoplenty:sprout":6,"rogcontinued:borealwolfsmilktooth":3,"minecraft:poppy":3,"minecraft:egg":49,"minecraft:stick":7,"minecraft:raw_iron":17,"minecraft:torch":4,"untamedwilds:flora_bush_temperate":1,"iceandfire:silver_ore":13,"iceandfire:rotten_egg":5,"rogcontinued:fettersofthedandeliongladiator":2,"biomesoplenty:redwood_planks":61,"farmersdelight:fried_egg":13,"minecraft:arrow":2,"minecraft:rotten_flesh":9,"biomesoplenty:jacaranda_log":200,"farmersdelight:onion":8,"untameddelight:boar_chop":6,"biomesoplenty:redwood_sapling":254,"minecraft:mutton":2,"untamedwilds:flora_yarrow":6,"minecraft:white_wool":1,"minecraft:cobblestone":65,"paraglider:paraglider":1,"rogcontinued:ironchunk":1,"arclight:moon_sapling":1,"minecraft:feather":4,"minecraft:leather":8,"minecraft:oak_log":88,"biomesoplenty:jacaranda_planks":9,"minecraft:dirt":386,"untamedwilds:flora_junegrass":2,"minecraft:bone":35,"rogcontinued:bonelance":1,"minecraft:apple":5,"untamedwilds:material_fat":10,"minecraft:wheat_seeds":47,"galosphere:raw_silver":8,"twigs:twig":224,"untameddelight:bison_meat":9,"minecraft:white_bed":1,"biomesoplenty:jacaranda_leaves":4,"minecraft:spider_eye":2,"biomesoplenty:flowering_oak_sapling":16,"rogcontinued:luminoussandsfromguyun":5,"minecraft:stone_axe":1,"minecraft:granite":12,"minecraft:oak_sapling":102,"rogcontinued:grainofaerosiderite":1,"minecraft:coal":42},"minecraft:broken":{"minecraft:iron_shovel":1,"minecraft:iron_axe":2,"minecraft:stone_axe":2},"minecraft:mined":{"minecraft:white_bed":1,"untamedwilds:flora_junegrass":1,"iceandfire:silver_ore":13,"minecraft:granite":13,"minecraft:allium":5,"minecraft:grass_block":160,"biomesoplenty:flowering_oak_leaves":3,"twigs:twig":3,"untamedwilds:flora_yarrow":1,"farmersdelight:wild_onions":7,"biomesoplenty:jacaranda_log":3,"biomesoplenty:tall_lavender":1,"minecraft:iron_ore":17,"biomesoplenty:lavender":4,"minecraft:andesite":1,"treechop:chopped_log":60,"minecraft:dirt_path":1,"biomesoplenty:redwood_log":32,"minecraft:stone":69,"minecraft:podzol":45,"biomesoplenty:jacaranda_leaves":35,"biomesoplenty:redwood_planks":4,"biomesoplenty:jacaranda_planks":9,"minecraft:torch":3,"untamedwilds:flora_bush_temperate":1,"galosphere:silver_ore":8,"minecraft:tall_grass":1,"biomesoplenty:sprout":8,"untamedwilds:block_burrow":1,"minecraft:grass":55,"minecraft:oak_log":3,"minecraft:coal_ore":44,"biomesoplenty:redwood_leaves":6,"minecraft:dirt":58,"minecraft:oak_leaves":9,"minecraft:fern":29},"minecraft:killed":{"minecraft:spider":1,"enemyexpansion:direwolf":3,"minecraft:skeleton":3,"minecraft:chicken":3,"mna:barkling":1,"enemyexpansion:goblin":3,"mna:hulking_zombie":2,"mna:witch_hunter":1,"minecraft:sheep":1,"minecraft:zombie":4,"untamedwilds:bison":1,"untamedwilds:snake":2,"enemyexpansion:wasp":7}},"DataVersion":3120}