{"stats":{"minecraft:dropped":{"biomesoplenty:jacaranda_sapling":3,"minecraft:wheat_seeds":47,"arclight:moon_sapling":1,"untamedwilds:material_fat":5,"untamedwilds:flora_yarrow":4,"biomesoplenty:lavender":14,"minecraft:feather":4,"minecraft:granite":11,"biomesoplenty:jacaranda_planks":1,"arclight:cloudstone_cobbled":11,"biomesoplenty:jacaranda_log":1,"minecraft:stick":4,"minecraft:dirt":488,"biomesoplenty:flowering_oak_sapling":16,"biomesoplenty:jacaranda_leaves":4,"farmersdelight:onion":8,"minecraft:iron_pickaxe":2,"minecraft:string":8,"minecraft:white_wool":1,"twigs:twig":254,"minecraft:stone_axe":1,"biomesoplenty:redwood_sapling":432,"untamedwilds:flora_bush_temperate":1,"minecraft:rotten_flesh":15,"biomesoplenty:redwood_planks":58,"biomesoplenty:sprout":6,"minecraft:poppy":2,"minecraft:allium":32,"iceandfire:rotten_egg":5,"minecraft:oak_sapling":102,"minecraft:spider_eye":2},"minecraft:killed_by":{"irons_spellbooks:necromancer":1},"minecraft:crafted":{"minecraft:wooden_sword":1,"minecraft:oak_planks":352,"minecraft:bone_meal":75,"minecraft:stone_pickaxe":1,"minecraft:chest":4,"biomesoplenty:jacaranda_stairs":4,"minecraft:cooked_beef":12,"minecraft:item_frame":1,"biomesoplenty:jacaranda_planks":1054,"iceandfire:silver_ingot":13,"biomesoplenty:redwood_door":6,"minecraft:crafting_table":1,"biomesoplenty:redwood_planks":768,"minecraft:wooden_pickaxe":1,"rogcontinued:chainsofthedandeliongladiator":1,"rogcontinued:bustersword":1,"minecraft:stone_axe":2,"minecraft:stick":132,"minecraft:iron_ingot":25,"minecraft:iron_pickaxe":2,"minecraft:iron_block":2,"minecraft:torch":144},"minecraft:custom":{"minecraft:mob_kills":66,"minecraft:interact_with_crafting_table":33,"minecraft:leave_game":1,"minecraft:time_since_death":24380,"minecraft:sprint_one_cm":44265,"minecraft:walk_one_cm":1607338,"minecraft:drop":91,"minecraft:play_time":318588,"minecraft:deaths":1,"minecraft:sneak_time":413,"minecraft:walk_under_water_one_cm":7491,"minecraft:jump":2144,"minecraft:walk_on_water_one_cm":20051,"minecraft:total_world_time":318588,"minecraft:interact_with_furnace":11,"minecraft:sleep_in_bed":4,"minecraft:time_since_rest":24468,"minecraft:damage_taken":4565,"minecraft:damage_dealt":13984,"minecraft:fly_one_cm":27088,"minecraft:open_chest":75,"minecraft:crouch_one_cm":269,"minecraft:fall_one_cm":23509},"minecraft:used":{"minecraft:iron_shovel":217,"biomesoplenty:redwood_door":4,"biomesoplenty:redwood_planks":355,"minecraft:chest":4,"minecraft:torch":38,"minecraft:mutton":2,"minecraft:granite":1,"minecraft:iron_axe":481,"minecraft:item_frame":1,"biomesoplenty:jacaranda_stairs":2,"biomesoplenty:jacaranda_sapling":117,"minecraft:cooked_beef":5,"rogcontinued:bustersword":70,"untameddelight:boar_chop":3,"minecraft:stone_pickaxe":119,"minecraft:wooden_pickaxe":49,"untameddelight:bison_meat":9,"minecraft:crafting_table":1,"minecraft:white_bed":1,"biomesoplenty:jacaranda_planks":647,"minecraft:apple":5,"minecraft:iron_pickaxe":170,"rogcontinued:bonelance":46,"minecraft:stone_axe":265,"minecraft:wooden_sword":1,"minecraft:cobblestone":41,"alexsmobs:animal_dictionary":5,"minecraft:bone_meal":75},"minecraft:picked_up":{"biomesoplenty:redwood_log":1718,"minecraft:allium":32,"minecraft:chicken":4,"biomesoplenty:jacaranda_sapling":120,"rogcontinued:mistveiledleadelixir":2,"minecraft:string":8,"minecraft:iron_axe":2,"epicsamurai:jade":6,"rogcontinued:tileofdecarabianstower":2,"minecraft:iron_shovel":1,"minecraft:experience_bottle":1,"irons_spellbooks:arcane_essence":4,"rogcontinued:crystalchunk":16,"minecraft:poppy":4,"rogcontinued:borealwolfsmilktooth":4,"biomesoplenty:sprout":6,"minecraft:iron_pickaxe":2,"minecraft:egg":49,"minecraft:stick":7,"minecraft:raw_iron":49,"minecraft:torch":4,"untamedwilds:flora_bush_temperate":1,"iceandfire:silver_ore":24,"iceandfire:rotten_egg":5,"rogcontinued:fettersofthedandeliongladiator":4,"biomesoplenty:redwood_planks":61,"farmersdelight:fried_egg":13,"minecraft:rotten_flesh":15,"minecraft:arrow":20,"biomesoplenty:jacaranda_log":200,"farmersdelight:onion":14,"untameddelight:boar_chop":6,"biomesoplenty:redwood_sapling":312,"minecraft:mutton":2,"untamedwilds:flora_yarrow":6,"biomesoplenty:lavender":14,"minecraft:white_wool":1,"minecraft:cobblestone":83,"paraglider:paraglider":1,"rogcontinued:ironchunk":25,"arclight:moon_sapling":1,"minecraft:feather":4,"gobber2:gobber2_gooey_beefstew":2,"minecraft:leather":22,"minecraft:oak_log":88,"biomesoplenty:jacaranda_planks":9,"minecraft:dirt":528,"untamedwilds:flora_junegrass":2,"minecraft:bone":53,"rogcontinued:bonelance":1,"minecraft:apple":5,"untamedwilds:material_fat":22,"minecraft:wheat_seeds":47,"galosphere:raw_silver":8,"twigs:twig":236,"untameddelight:bison_meat":9,"epicsamurai:raw_silver":1,"gobber2:gobber2_gooey_bread":4,"minecraft:white_bed":1,"biomesoplenty:jacaranda_leaves":4,"minecraft:spider_eye":2,"biomesoplenty:flowering_oak_sapling":16,"arclight:cloudstone_cobbled":22,"rogcontinued:luminoussandsfromguyun":7,"rogcontinued:whiteironchunk":11,"minecraft:stone_axe":1,"minecraft:granite":23,"mna:wakebloom":2,"minecraft:oak_sapling":102,"gobber2:gobber2_goo":1,"rogcontinued:grainofaerosiderite":1,"minecraft:coal":83},"minecraft:broken":{"minecraft:iron_shovel":1,"minecraft:iron_axe":2,"minecraft:stone_axe":2},"minecraft:mined":{"minecraft:white_bed":1,"untamedwilds:flora_junegrass":1,"iceandfire:silver_ore":24,"rogcontinued:whiteironchunkore":12,"minecraft:granite":13,"minecraft:allium":5,"epicsamurai:silver_ore":1,"minecraft:grass_block":160,"gobber2:gobber2_lucky_block":8,"biomesoplenty:flowering_oak_leaves":4,"twigs:twig":3,"mna:wakebloom":1,"untamedwilds:flora_yarrow":1,"farmersdelight:wild_onions":7,"biomesoplenty:jacaranda_log":3,"biomesoplenty:tall_lavender":1,"rogcontinued:ironchunkore":26,"minecraft:iron_ore":49,"biomesoplenty:lavender":4,"minecraft:andesite":2,"treechop:chopped_log":60,"biomesoplenty:redwood_log":32,"minecraft:dirt_path":1,"minecraft:stone":90,"minecraft:podzol":45,"biomesoplenty:jacaranda_leaves":36,"epicsamurai:jade_ore":6,"biomesoplenty:redwood_planks":4,"biomesoplenty:jacaranda_planks":9,"minecraft:torch":3,"untamedwilds:flora_bush_temperate":1,"minecraft:poppy":1,"galosphere:silver_ore":8,"minecraft:tall_grass":1,"biomesoplenty:sprout":9,"arclight:cloudstone":11,"untamedwilds:block_burrow":2,"minecraft:grass":60,"minecraft:oak_log":3,"minecraft:coal_ore":53,"rogcontinued:crystalchunkore":16,"biomesoplenty:redwood_leaves":6,"minecraft:dirt":58,"minecraft:oak_leaves":9,"minecraft:fern":29},"minecraft:killed":{"minecraft:spider":2,"enemyexpansion:direwolf":7,"minecraft:skeleton":7,"minecraft:chicken":3,"mna:barkling":4,"enemyexpansion:goblin":3,"mna:hulking_zombie":2,"mna:witch_hunter":2,"minecraft:zombie_villager":1,"untamedwilds:newt":2,"untamedwilds:boar":1,"irons_spellbooks:necromancer":1,"minecraft:creeper":1,"minecraft:sheep":1,"mna:mushroom_soldier":3,"minecraft:zombie":9,"untamedwilds:bison":4,"untamedwilds:snake":2,"minecraft:enderman":1,"enemyexpansion:wasp":8}},"DataVersion":3120}