{"stats":{"minecraft:dropped":{"biomesoplenty:flowering_oak_sapling":16,"minecraft:feather":4,"twigs:twig":36},"minecraft:crafted":{"minecraft:oak_planks":352,"minecraft:crafting_table":1},"minecraft:custom":{"minecraft:time_since_rest":17432,"minecraft:sprint_one_cm":4351,"minecraft:damage_taken":605,"minecraft:walk_one_cm":271499,"minecraft:mob_kills":10,"minecraft:drop":18,"minecraft:damage_dealt":2085,"minecraft:interact_with_crafting_table":1,"minecraft:fly_one_cm":2840,"minecraft:open_chest":1,"minecraft:crouch_one_cm":222,"minecraft:play_time":31723,"minecraft:sneak_time":22,"minecraft:jump":183,"minecraft:time_since_death":31723,"minecraft:sleep_in_bed":2,"minecraft:total_world_time":31723,"minecraft:fall_one_cm":484},"minecraft:used":{"minecraft:apple":3,"minecraft:iron_shovel":146,"minecraft:iron_axe":143,"alexsmobs:animal_dictionary":5},"minecraft:picked_up":{"paraglider:paraglider":1,"minecraft:feather":4,"minecraft:chicken":4,"minecraft:leather":6,"biomesoplenty:jacaranda_sapling":2,"minecraft:oak_log":88,"iceandfire:rotten_egg":5,"minecraft:white_bed":1,"rogcontinued:fettersofthedandeliongladiator":1,"minecraft:dirt":128,"biomesoplenty:flowering_oak_sapling":16,"minecraft:iron_axe":1,"untamedwilds:flora_junegrass":2,"minecraft:iron_shovel":1,"farmersdelight:fried_egg":13,"minecraft:bone":25,"minecraft:apple":5,"biomesoplenty:jacaranda_log":1,"untamedwilds:material_fat":5,"minecraft:wheat_seeds":2,"minecraft:poppy":1,"untameddelight:bison_meat":8,"minecraft:oak_sapling":50,"twigs:twig":36,"minecraft:mutton":2,"minecraft:white_wool":1,"minecraft:egg":49},"minecraft:mined":{"biomesoplenty:tall_lavender":1,"minecraft:white_bed":1,"untamedwilds:flora_junegrass":1,"biomesoplenty:lavender":4,"treechop:chopped_log":19,"minecraft:grass":18,"minecraft:grass_block":160,"minecraft:oak_log":3,"minecraft:dirt_path":1,"biomesoplenty:flowering_oak_leaves":3,"biomesoplenty:sprout":6,"minecraft:oak_leaves":9},"minecraft:killed":{"minecraft:sheep":1,"minecraft:zombie":1,"minecraft:chicken":3,"untamedwilds:snake":2,"enemyexpansion:wasp":3}},"DataVersion":3120}