{"stats":{"minecraft:dropped":{"minecraft:poppy":1,"minecraft:dirt":320,"minecraft:wheat_seeds":2,"iceandfire:rotten_egg":5,"biomesoplenty:redwood_sapling":182,"biomesoplenty:flowering_oak_sapling":16,"minecraft:oak_sapling":50,"minecraft:feather":4,"minecraft:white_wool":1,"biomesoplenty:sprout":3,"twigs:twig":53},"minecraft:crafted":{"minecraft:oak_planks":352,"minecraft:crafting_table":1,"biomesoplenty:redwood_planks":768,"minecraft:chest":2},"minecraft:custom":{"minecraft:time_since_rest":41432,"minecraft:sprint_one_cm":4412,"minecraft:damage_taken":605,"minecraft:walk_one_cm":400176,"minecraft:mob_kills":10,"minecraft:drop":34,"minecraft:damage_dealt":2085,"minecraft:interact_with_crafting_table":3,"minecraft:fly_one_cm":2892,"minecraft:open_chest":8,"minecraft:crouch_one_cm":222,"minecraft:play_time":55723,"minecraft:sneak_time":38,"minecraft:jump":287,"minecraft:walk_on_water_one_cm":763,"minecraft:time_since_death":55723,"minecraft:sleep_in_bed":2,"minecraft:total_world_time":55723,"minecraft:fall_one_cm":962},"minecraft:used":{"minecraft:apple":3,"minecraft:iron_shovel":146,"minecraft:iron_axe":481,"biomesoplenty:redwood_planks":113,"minecraft:chest":2,"minecraft:crafting_table":1,"minecraft:white_bed":1,"alexsmobs:animal_dictionary":5},"minecraft:picked_up":{"paraglider:paraglider":1,"biomesoplenty:redwood_log":1634,"minecraft:feather":4,"minecraft:chicken":4,"minecraft:leather":6,"biomesoplenty:jacaranda_sapling":3,"minecraft:oak_log":88,"iceandfire:rotten_egg":5,"minecraft:white_bed":1,"rogcontinued:fettersofthedandeliongladiator":1,"minecraft:dirt":320,"biomesoplenty:flowering_oak_sapling":16,"minecraft:iron_axe":2,"untamedwilds:flora_junegrass":2,"minecraft:iron_shovel":1,"farmersdelight:fried_egg":13,"minecraft:bone":25,"minecraft:apple":5,"biomesoplenty:jacaranda_log":1,"untamedwilds:material_fat":5,"minecraft:wheat_seeds":2,"biomesoplenty:sprout":3,"minecraft:poppy":1,"biomesoplenty:redwood_sapling":182,"untameddelight:bison_meat":8,"minecraft:oak_sapling":50,"twigs:twig":117,"minecraft:mutton":2,"minecraft:white_wool":1,"minecraft:egg":49},"minecraft:broken":{"minecraft:iron_axe":2},"minecraft:mined":{"untamedwilds:flora_yarrow":1,"biomesoplenty:redwood_planks":1,"biomesoplenty:tall_lavender":1,"minecraft:white_bed":1,"untamedwilds:flora_junegrass":1,"biomesoplenty:lavender":4,"treechop:chopped_log":24,"minecraft:torch":1,"minecraft:grass":18,"minecraft:grass_block":160,"minecraft:oak_log":3,"biomesoplenty:redwood_log":28,"minecraft:dirt_path":1,"biomesoplenty:flowering_oak_leaves":3,"twigs:twig":1,"biomesoplenty:sprout":6,"minecraft:oak_leaves":9,"minecraft:fern":23},"minecraft:killed":{"minecraft:sheep":1,"minecraft:zombie":1,"minecraft:chicken":3,"untamedwilds:snake":2,"enemyexpansion:wasp":3}},"DataVersion":3120}