{"stats":{"minecraft:crafted":{"minecraft:oak_planks":352,"minecraft:crafting_table":1},"minecraft:custom":{"minecraft:time_since_rest":5432,"minecraft:sprint_one_cm":4249,"minecraft:damage_taken":525,"minecraft:walk_one_cm":154706,"minecraft:mob_kills":7,"minecraft:damage_dealt":776,"minecraft:interact_with_crafting_table":1,"minecraft:fly_one_cm":2661,"minecraft:crouch_one_cm":222,"minecraft:play_time":19723,"minecraft:sneak_time":22,"minecraft:jump":113,"minecraft:time_since_death":19723,"minecraft:sleep_in_bed":2,"minecraft:total_world_time":19723,"minecraft:fall_one_cm":484},"minecraft:used":{"minecraft:apple":2,"minecraft:iron_axe":127,"alexsmobs:animal_dictionary":5},"minecraft:picked_up":{"paraglider:paraglider":1,"minecraft:feather":3,"minecraft:chicken":3,"minecraft:leather":4,"biomesoplenty:jacaranda_sapling":2,"minecraft:oak_log":88,"iceandfire:rotten_egg":5,"rogcontinued:fettersofthedandeliongladiator":1,"biomesoplenty:flowering_oak_sapling":16,"minecraft:iron_axe":1,"minecraft:bone":2,"minecraft:apple":5,"biomesoplenty:jacaranda_log":1,"untamedwilds:material_fat":2,"minecraft:wheat_seeds":1,"minecraft:oak_sapling":50,"twigs:twig":36,"minecraft:mutton":2,"minecraft:white_wool":1,"minecraft:egg":49},"minecraft:mined":{"biomesoplenty:lavender":1,"treechop:chopped_log":19,"minecraft:grass":9,"minecraft:oak_log":3,"biomesoplenty:flowering_oak_leaves":3,"biomesoplenty:sprout":4,"minecraft:oak_leaves":9},"minecraft:killed":{"minecraft:sheep":1,"minecraft:chicken":3,"untamedwilds:snake":2,"enemyexpansion:wasp":1}},"DataVersion":3120}