{"stats":{"minecraft:custom":{"minecraft:jump":36,"minecraft:time_since_rest":7723,"minecraft:play_time":7723,"minecraft:damage_taken":20,"minecraft:time_since_death":7723,"minecraft:walk_one_cm":49677,"minecraft:total_world_time":7723,"minecraft:fall_one_cm":484},"minecraft:used":{"alexsmobs:animal_dictionary":5,"minecraft:iron_axe":26},"minecraft:picked_up":{"minecraft:iron_axe":1,"minecraft:oak_log":37,"minecraft:apple":3,"twigs:twig":16,"minecraft:oak_sapling":17,"paraglider:paraglider":1,"biomesoplenty:flowering_oak_sapling":6},"minecraft:mined":{"minecraft:grass":4,"biomesoplenty:sprout":1,"minecraft:oak_log":2,"treechop:chopped_log":6,"biomesoplenty:flowering_oak_leaves":2,"minecraft:oak_leaves":3}},"DataVersion":3120}