{"stats":{"minecraft:dropped":{"minecraft:stone_axe":1,"biomesoplenty:jacaranda_sapling":3,"minecraft:wheat_seeds":6,"untamedwilds:material_fat":5,"biomesoplenty:redwood_sapling":246,"untamedwilds:flora_yarrow":2,"minecraft:feather":4,"biomesoplenty:redwood_planks":58,"biomesoplenty:sprout":6,"biomesoplenty:jacaranda_log":1,"minecraft:poppy":2,"minecraft:dirt":384,"minecraft:allium":17,"iceandfire:rotten_egg":5,"biomesoplenty:flowering_oak_sapling":16,"minecraft:oak_sapling":50,"biomesoplenty:jacaranda_leaves":2,"minecraft:white_wool":1,"twigs:twig":181},"minecraft:crafted":{"minecraft:wooden_sword":1,"minecraft:oak_planks":352,"biomesoplenty:jacaranda_planks":276,"biomesoplenty:redwood_door":6,"minecraft:crafting_table":1,"biomesoplenty:redwood_planks":768,"minecraft:wooden_pickaxe":1,"minecraft:bone_meal":75,"minecraft:stone_axe":2,"minecraft:stick":132,"minecraft:chest":2,"biomesoplenty:jacaranda_stairs":4},"minecraft:custom":{"minecraft:mob_kills":11,"minecraft:interact_with_crafting_table":14,"minecraft:time_since_death":109723,"minecraft:sleep_in_bed":3,"minecraft:time_since_rest":51394,"minecraft:sprint_one_cm":8524,"minecraft:damage_taken":960,"minecraft:walk_one_cm":723561,"minecraft:drop":54,"minecraft:damage_dealt":2366,"minecraft:fly_one_cm":6240,"minecraft:open_chest":14,"minecraft:crouch_one_cm":245,"minecraft:play_time":109723,"minecraft:sneak_time":212,"minecraft:walk_under_water_one_cm":903,"minecraft:jump":658,"minecraft:walk_on_water_one_cm":4603,"minecraft:total_world_time":109723,"minecraft:fall_one_cm":7153},"minecraft:used":{"biomesoplenty:redwood_door":4,"minecraft:iron_shovel":217,"biomesoplenty:redwood_planks":351,"minecraft:wooden_pickaxe":11,"minecraft:chest":2,"untameddelight:bison_meat":2,"minecraft:crafting_table":1,"minecraft:white_bed":1,"biomesoplenty:jacaranda_planks":274,"minecraft:apple":5,"minecraft:iron_axe":481,"biomesoplenty:jacaranda_stairs":2,"minecraft:stone_axe":57,"biomesoplenty:jacaranda_sapling":17,"alexsmobs:animal_dictionary":5,"minecraft:bone_meal":53},"minecraft:picked_up":{"paraglider:paraglider":1,"biomesoplenty:redwood_log":1648,"arclight:moon_sapling":1,"minecraft:allium":17,"minecraft:feather":4,"minecraft:chicken":4,"minecraft:leather":6,"biomesoplenty:jacaranda_sapling":24,"minecraft:oak_log":88,"biomesoplenty:jacaranda_planks":6,"minecraft:dirt":384,"minecraft:iron_axe":2,"untamedwilds:flora_junegrass":2,"minecraft:iron_shovel":1,"minecraft:bone":25,"minecraft:apple":5,"untamedwilds:material_fat":10,"minecraft:wheat_seeds":14,"rogcontinued:borealwolfsmilktooth":1,"minecraft:poppy":3,"biomesoplenty:sprout":6,"twigs:twig":175,"untameddelight:bison_meat":8,"minecraft:egg":49,"minecraft:stick":1,"minecraft:torch":4,"iceandfire:rotten_egg":5,"minecraft:white_bed":1,"biomesoplenty:jacaranda_leaves":2,"rogcontinued:fettersofthedandeliongladiator":1,"biomesoplenty:flowering_oak_sapling":16,"biomesoplenty:redwood_planks":61,"farmersdelight:fried_egg":13,"minecraft:rotten_flesh":3,"biomesoplenty:jacaranda_log":43,"minecraft:stone_axe":1,"biomesoplenty:redwood_sapling":244,"minecraft:oak_sapling":100,"untamedwilds:flora_yarrow":3,"minecraft:mutton":2,"minecraft:white_wool":1,"minecraft:cobblestone":11,"rogcontinued:ironchunk":1},"minecraft:broken":{"minecraft:iron_shovel":1,"minecraft:iron_axe":2},"minecraft:mined":{"minecraft:podzol":45,"biomesoplenty:jacaranda_leaves":2,"biomesoplenty:redwood_planks":4,"minecraft:white_bed":1,"untamedwilds:flora_junegrass":1,"biomesoplenty:jacaranda_planks":6,"minecraft:torch":3,"untamedwilds:flora_bush_temperate":1,"minecraft:allium":5,"minecraft:grass_block":160,"biomesoplenty:flowering_oak_leaves":3,"twigs:twig":2,"minecraft:tall_grass":1,"biomesoplenty:sprout":8,"untamedwilds:flora_yarrow":1,"farmersdelight:wild_onions":6,"biomesoplenty:tall_lavender":1,"biomesoplenty:lavender":4,"treechop:chopped_log":32,"minecraft:grass":48,"minecraft:oak_log":3,"biomesoplenty:redwood_log":32,"minecraft:dirt_path":1,"biomesoplenty:redwood_leaves":6,"minecraft:dirt":56,"minecraft:stone":11,"minecraft:oak_leaves":9,"minecraft:fern":25},"minecraft:killed":{"minecraft:sheep":1,"minecraft:zombie":1,"minecraft:chicken":3,"untamedwilds:snake":2,"enemyexpansion:wasp":4}},"DataVersion":3120}