{"stats":{"minecraft:dropped":{"minecraft:wheat_seeds":47,"biomesoplenty:jacaranda_sapling":3,"arclight:moon_sapling":1,"untamedwilds:material_fat":5,"untamedwilds:flora_yarrow":4,"minecraft:feather":4,"minecraft:granite":11,"biomesoplenty:jacaranda_planks":1,"arclight:cloudstone_cobbled":11,"minecraft:stick":4,"biomesoplenty:jacaranda_log":1,"minecraft:dirt":384,"biomesoplenty:flowering_oak_sapling":16,"biomesoplenty:jacaranda_leaves":2,"farmersdelight:onion":2,"minecraft:string":7,"minecraft:white_wool":1,"twigs:twig":254,"minecraft:stone_axe":1,"biomesoplenty:redwood_sapling":312,"untamedwilds:flora_bush_temperate":1,"minecraft:rotten_flesh":9,"biomesoplenty:redwood_planks":58,"biomesoplenty:sprout":6,"minecraft:poppy":2,"minecraft:allium":32,"iceandfire:rotten_egg":5,"minecraft:oak_sapling":102,"minecraft:spider_eye":2},"minecraft:crafted":{"minecraft:wooden_sword":1,"minecraft:oak_planks":352,"minecraft:bone_meal":75,"minecraft:stone_pickaxe":1,"minecraft:chest":2,"biomesoplenty:jacaranda_stairs":4,"minecraft:cooked_beef":12,"minecraft:item_frame":1,"biomesoplenty:jacaranda_planks":1054,"iceandfire:silver_ingot":13,"biomesoplenty:redwood_door":6,"minecraft:crafting_table":1,"biomesoplenty:redwood_planks":768,"minecraft:wooden_pickaxe":1,"rogcontinued:bustersword":1,"minecraft:stone_axe":2,"minecraft:stick":132,"minecraft:iron_ingot":24,"minecraft:iron_pickaxe":1,"minecraft:iron_block":2,"minecraft:torch":144},"minecraft:custom":{"minecraft:mob_kills":38,"minecraft:interact_with_crafting_table":27,"minecraft:time_since_death":247723,"minecraft:sprint_one_cm":16944,"minecraft:walk_one_cm":1310530,"minecraft:drop":80,"minecraft:play_time":247723,"minecraft:sneak_time":344,"minecraft:walk_under_water_one_cm":3825,"minecraft:jump":1687,"minecraft:walk_on_water_one_cm":13884,"minecraft:total_world_time":247723,"minecraft:interact_with_furnace":8,"minecraft:sleep_in_bed":4,"minecraft:time_since_rest":121228,"minecraft:damage_taken":2285,"minecraft:damage_dealt":7927,"minecraft:fly_one_cm":15345,"minecraft:open_chest":55,"minecraft:crouch_one_cm":269,"minecraft:fall_one_cm":18213},"minecraft:used":{"biomesoplenty:redwood_door":4,"minecraft:iron_shovel":217,"biomesoplenty:redwood_planks":355,"minecraft:chest":2,"minecraft:torch":32,"minecraft:mutton":2,"minecraft:granite":1,"minecraft:iron_axe":481,"minecraft:item_frame":1,"biomesoplenty:jacaranda_stairs":2,"biomesoplenty:jacaranda_sapling":117,"minecraft:cooked_beef":1,"rogcontinued:bustersword":2,"untameddelight:boar_chop":3,"minecraft:stone_pickaxe":119,"minecraft:wooden_pickaxe":49,"untameddelight:bison_meat":9,"minecraft:crafting_table":1,"minecraft:white_bed":1,"biomesoplenty:jacaranda_planks":647,"minecraft:apple":5,"minecraft:iron_pickaxe":66,"rogcontinued:bonelance":46,"minecraft:stone_axe":265,"minecraft:wooden_sword":1,"minecraft:cobblestone":41,"alexsmobs:animal_dictionary":5,"minecraft:bone_meal":75},"minecraft:picked_up":{"biomesoplenty:redwood_log":1718,"minecraft:allium":32,"minecraft:chicken":4,"biomesoplenty:jacaranda_sapling":120,"rogcontinued:mistveiledleadelixir":1,"minecraft:string":8,"minecraft:iron_axe":2,"minecraft:iron_shovel":1,"minecraft:experience_bottle":1,"rogcontinued:crystalchunk":1,"biomesoplenty:sprout":6,"rogcontinued:borealwolfsmilktooth":3,"minecraft:poppy":3,"minecraft:egg":49,"minecraft:stick":7,"minecraft:raw_iron":42,"minecraft:torch":4,"untamedwilds:flora_bush_temperate":1,"iceandfire:silver_ore":17,"iceandfire:rotten_egg":5,"rogcontinued:fettersofthedandeliongladiator":2,"biomesoplenty:redwood_planks":61,"farmersdelight:fried_egg":13,"minecraft:arrow":2,"minecraft:rotten_flesh":11,"biomesoplenty:jacaranda_log":200,"farmersdelight:onion":8,"untameddelight:boar_chop":6,"biomesoplenty:redwood_sapling":254,"minecraft:mutton":2,"untamedwilds:flora_yarrow":6,"minecraft:white_wool":1,"minecraft:cobblestone":73,"paraglider:paraglider":1,"rogcontinued:ironchunk":2,"arclight:moon_sapling":1,"minecraft:feather":4,"gobber2:gobber2_gooey_beefstew":2,"minecraft:leather":8,"minecraft:oak_log":88,"biomesoplenty:jacaranda_planks":9,"minecraft:dirt":386,"untamedwilds:flora_junegrass":2,"minecraft:bone":35,"rogcontinued:bonelance":1,"minecraft:apple":5,"untamedwilds:material_fat":10,"minecraft:wheat_seeds":47,"galosphere:raw_silver":8,"twigs:twig":224,"epicsamurai:raw_silver":1,"untameddelight:bison_meat":9,"gobber2:gobber2_gooey_bread":4,"minecraft:white_bed":1,"biomesoplenty:jacaranda_leaves":4,"minecraft:spider_eye":2,"arclight:cloudstone_cobbled":11,"biomesoplenty:flowering_oak_sapling":16,"rogcontinued:luminoussandsfromguyun":6,"rogcontinued:whiteironchunk":1,"minecraft:stone_axe":1,"minecraft:granite":12,"minecraft:oak_sapling":102,"gobber2:gobber2_goo":1,"rogcontinued:grainofaerosiderite":1,"minecraft:coal":42},"minecraft:broken":{"minecraft:iron_shovel":1,"minecraft:iron_axe":2,"minecraft:stone_axe":2},"minecraft:mined":{"minecraft:white_bed":1,"untamedwilds:flora_junegrass":1,"iceandfire:silver_ore":17,"rogcontinued:whiteironchunkore":1,"minecraft:granite":13,"minecraft:allium":5,"epicsamurai:silver_ore":1,"minecraft:grass_block":160,"gobber2:gobber2_lucky_block":8,"biomesoplenty:flowering_oak_leaves":3,"twigs:twig":3,"untamedwilds:flora_yarrow":1,"farmersdelight:wild_onions":7,"biomesoplenty:jacaranda_log":3,"biomesoplenty:tall_lavender":1,"rogcontinued:ironchunkore":1,"minecraft:iron_ore":42,"biomesoplenty:lavender":4,"minecraft:andesite":2,"treechop:chopped_log":60,"minecraft:dirt_path":1,"biomesoplenty:redwood_log":32,"minecraft:stone":80,"minecraft:podzol":45,"biomesoplenty:jacaranda_leaves":35,"biomesoplenty:redwood_planks":4,"biomesoplenty:jacaranda_planks":9,"minecraft:torch":3,"untamedwilds:flora_bush_temperate":1,"galosphere:silver_ore":8,"minecraft:tall_grass":1,"biomesoplenty:sprout":8,"arclight:cloudstone":11,"untamedwilds:block_burrow":1,"minecraft:grass":56,"minecraft:oak_log":3,"minecraft:coal_ore":44,"rogcontinued:crystalchunkore":1,"biomesoplenty:redwood_leaves":6,"minecraft:dirt":58,"minecraft:oak_leaves":9,"minecraft:fern":29},"minecraft:killed":{"minecraft:spider":2,"enemyexpansion:direwolf":3,"minecraft:skeleton":3,"minecraft:chicken":3,"mna:barkling":2,"enemyexpansion:goblin":3,"mna:hulking_zombie":2,"mna:witch_hunter":1,"minecraft:zombie_villager":1,"untamedwilds:newt":1,"minecraft:sheep":1,"mna:mushroom_soldier":1,"minecraft:zombie":5,"untamedwilds:bison":1,"untamedwilds:snake":2,"enemyexpansion:wasp":7}},"DataVersion":3120}