{"stats":{"minecraft:custom":{"minecraft:mob_kills":88,"minecraft:animals_bred":5,"minecraft:interact_with_crafting_table":72,"minecraft:open_barrel":6,"minecraft:leave_game":16,"minecraft:time_since_death":26373,"minecraft:climb_one_cm":115689,"minecraft:sprint_one_cm":868605,"minecraft:walk_one_cm":1311067,"minecraft:drop":43,"minecraft:talked_to_villager":1,"minecraft:play_time":507931,"minecraft:deaths":5,"minecraft:sneak_time":52630,"minecraft:walk_under_water_one_cm":13631,"minecraft:jump":6532,"minecraft:walk_on_water_one_cm":23434,"minecraft:total_world_time":507931,"minecraft:interact_with_furnace":113,"minecraft:sleep_in_bed":18,"minecraft:time_since_rest":3550,"minecraft:waystone_activated":2,"minecraft:damage_taken":4840,"minecraft:damage_dealt":16760,"minecraft:crouch_one_cm":159755,"minecraft:swim_one_cm":49919,"minecraft:open_chest":170,"minecraft:fly_one_cm":1687691,"minecraft:interact_with_smoker":5,"minecraft:fall_one_cm":130066,"minecraft:horse_one_cm":3901},"minecraft:picked_up":{"biomesoplenty:redwood_log":414,"minecraft:spruce_leaves":1,"minecraft:crafting_table":6,"minecraft:wheat":33,"minecraft:chicken":4,"minecraft:ladder":1,"minecraft:clay_ball":160,"minecraft:smithing_table":1,"minecraft:lead":1,"enemyexpansion:wasp_thorax":2,"biomesoplenty:jacaranda_sapling":3,"untamedwilds:flora_hemlock":1,"rogcontinued:mistveiledleadelixir":2,"minecraft:brewing_stand":1,"minecraft:string":3,"minecraft:raw_copper":280,"rogcontinued:tileofdecarabianstower":3,"minecraft:experience_bottle":1,"mna:vinteum_ore":16,"minecraft:cobbled_deepslate":152,"twigs:pebble":9,"minecraft:mossy_cobblestone_wall":3,"minecraft:beef":6,"rogcontinued:borealwolfsmilktooth":1,"minecraft:poppy":3,"minecraft:melon_slice":81,"minecraft:chest":1,"minecraft:birch_sapling":139,"minecraft:furnace":7,"minecraft:egg":81,"iceandfire:pixie_dust":9,"minecraft:dark_oak_sapling":2,"minecraft:raw_iron":221,"minecraft:stick":9,"minecraft:torch":20,"untamedwilds:flora_bush_temperate":2,"iceandfire:silver_ore":8,"minecraft:vine":46,"minecraft:porkchop":15,"farmersdelight:tomato_seeds":3,"iceandfire:rotten_egg":3,"minecraft:diorite":48,"minecraft:redstone":25,"rogcontinued:fettersofthedandeliongladiator":1,"mna:sachet_ender":3,"farmersdelight:fried_egg":3,"minecraft:arrow":15,"minecraft:rotten_flesh":9,"biomesoplenty:jacaranda_log":7,"untameddelight:boar_chop":19,"biomesoplenty:redwood_sapling":91,"minecraft:brick_stairs":1,"minecraft:oxeye_daisy":2,"minecraft:white_wool":9,"minecraft:cobblestone":1136,"rogcontinued:ironchunk":5,"biomesoplenty:lavender":7,"minecraft:birch_log":304,"minecraft:feather":4,"minecraft:andesite":21,"minecraft:leather":37,"mna:sachet_water":10,"gobber2:gobber2_gooey_beefstew":1,"minecraft:smoker":1,"minecraft:flint":2,"minecraft:tuff":27,"minecraft:oak_log":666,"iceandfire:ectoplasm":1,"minecraft:dirt":960,"minecraft:bone":36,"minecraft:apple":28,"untamedwilds:material_fat":12,"gobber2:gobber2_gooey_beef":3,"minecraft:wheat_seeds":102,"minecraft:raw_gold":2,"minecraft:iron_ingot":6,"mna:cerublossom":4,"galosphere:raw_silver":2,"twigs:twig":291,"untameddelight:bison_meat":8,"minecraft:oak_planks":3,"mna:mark_of_the_undead":1,"rogcontinued:chainsofthedandeliongladiator":1,"minecraft:raw_iron_block":8,"waystones:mossy_waystone":2,"minecraft:gravel":19,"minecraft:sand":34,"minecraft:spider_eye":1,"minecraft:mossy_cobblestone":29,"minecraft:spruce_sapling":49,"minecraft:blast_furnace":2,"minecraft:spruce_log":48,"minecraft:grass_block":2,"mna:aum":1,"biomesoplenty:flowering_oak_sapling":8,"arclight:cloudstone_cobbled":12,"travelersbackpack:standard":1,"biomesoplenty:mahogany_log":24,"rogcontinued:luminoussandsfromguyun":4,"minecraft:diamond":9,"rogcontinued:whiteironchunk":5,"minecraft:crossbow":1,"minecraft:granite":21,"minecraft:mossy_cobblestone_stairs":1,"minecraft:oak_leaves":3,"alexsmobs:maggot":2,"minecraft:damaged_anvil":1,"epicsamurai:ruby":6,"minecraft:oak_sapling":200,"twigs:rhyolite":2,"minecraft:coal":604,"gobber2:gobber2_goo":2,"minecraft:ender_pearl":2},"minecraft:crafted":{"minecraft:oak_planks":496,"minecraft:raw_iron":72,"minecraft:iron_nugget":9,"minecraft:cooked_chicken":4,"minecraft:furnace":4,"rogcontinued:dragonslayer":1,"minecraft:bone_meal":78,"minecraft:glass":30,"travelersbackpack:white_sleeping_bag":1,"minecraft:iron_boots":1,"minecraft:iron_axe":4,"minecraft:spruce_slab":24,"minecraft:ladder":381,"minecraft:iron_hoe":1,"minecraft:stone_pickaxe":5,"minecraft:chest":35,"untameddelight:cooked_boar_chop":11,"paraglider:paraglider":2,"minecraft:cooked_porkchop":15,"minecraft:crafting_table":4,"minecraft:spruce_planks":40,"biomesoplenty:redwood_planks":1144,"travelersbackpack:backpack_tank":2,"minecraft:wooden_pickaxe":2,"minecraft:iron_helmet":1,"travelersbackpack:standard":1,"biomesoplenty:redwood_fence":144,"minecraft:iron_sword":1,"biomesoplenty:redwood_fence_gate":2,"minecraft:copper_ingot":64,"minecraft:birch_planks":76,"minecraft:stone_axe":4,"minecraft:bread":4,"minecraft:air":0,"farmersdelight:fried_egg":45,"minecraft:iron_chestplate":1,"minecraft:charcoal":5,"minecraft:stick":1656,"minecraft:iron_ingot":244,"minecraft:stone_sword":1,"minecraft:iron_pickaxe":14,"minecraft:wooden_axe":1,"minecraft:iron_block":2,"minecraft:iron_leggings":1,"minecraft:iron_shovel":5,"minecraft:gold_ingot":2,"untameddelight:cooked_bison_meat":8,"minecraft:white_bed":1,"minecraft:torch":288,"minecraft:shears":1},"minecraft:dropped":{"farmersdelight:tomato_seeds":6,"minecraft:oak_log":1,"untamedwilds:material_fat":2,"minecraft:dark_oak_sapling":2,"mna:cerublossom":2,"biomesoplenty:lavender":5,"minecraft:cobblestone":1,"minecraft:granite":5,"travelersbackpack:standard":1,"arclight:cloudstone_cobbled":12,"twigs:pebble":5,"minecraft:oxeye_daisy":2,"minecraft:dirt":12,"minecraft:diorite":18,"biomesoplenty:flowering_oak_sapling":1,"minecraft:rose_bush":1,"minecraft:sand":4,"paraglider:paraglider":1,"twigs:twig":3,"minecraft:spruce_sapling":9,"twigs:rhyolite":2,"biomesoplenty:redwood_sapling":21,"untamedwilds:flora_bush_temperate":1,"minecraft:birch_sapling":41,"minecraft:pumpkin_seeds":4,"minecraft:copper_ore":64,"minecraft:poppy":3,"minecraft:andesite":9,"minecraft:melon_seeds":3,"minecraft:oak_sapling":101},"minecraft:used":{"minecraft:stone_sword":131,"minecraft:iron_shovel":957,"minecraft:spruce_slab":1,"minecraft:ladder":306,"minecraft:chest":8,"minecraft:iron_sword":43,"minecraft:cooked_chicken":4,"minecraft:torch":164,"minecraft:dirt":785,"biomesoplenty:redwood_fence":24,"minecraft:granite":2,"minecraft:iron_hoe":83,"minecraft:wooden_axe":46,"minecraft:grass_block":2,"minecraft:iron_axe":644,"minecraft:iron_boots":1,"minecraft:iron_helmet":1,"gobber2:gobber2_gooey_beef":2,"minecraft:oak_sapling":33,"minecraft:furnace":8,"minecraft:cobbled_deepslate":13,"farmersdelight:fried_egg":11,"minecraft:iron_leggings":1,"minecraft:wheat_seeds":97,"minecraft:water_bucket":18,"minecraft:diorite":3,"biomesoplenty:redwood_fence_gate":2,"minecraft:stone_pickaxe":408,"minecraft:oak_planks":435,"minecraft:ender_pearl":2,"minecraft:wooden_pickaxe":14,"minecraft:mossy_cobblestone":15,"minecraft:crafting_table":10,"minecraft:smoker":1,"minecraft:white_bed":1,"untameddelight:cooked_boar_chop":11,"minecraft:shears":50,"untameddelight:cooked_bison_meat":7,"minecraft:oak_log":128,"minecraft:apple":22,"waystones:mossy_waystone":1,"minecraft:iron_pickaxe":1171,"minecraft:bread":4,"twigs:twig":1,"minecraft:stone_axe":422,"minecraft:gravel":8,"rogcontinued:dragonslayer":97,"minecraft:cobblestone":145,"minecraft:cooked_porkchop":2,"minecraft:bucket":25,"minecraft:mossy_cobblestone_wall":3,"minecraft:bone_meal":78,"minecraft:experience_bottle":1},"minecraft:killed_by":{"iceandfire:sea_serpent":2,"iceandfire:lightning_dragon":1,"naturalist:bear":1},"minecraft:killed":{"mna:skeleton_assassin":1,"minecraft:spider":3,"enemyexpansion:equestrian":1,"minecraft:horse":5,"minecraft:skeleton":5,"arphex:long_legs_fly":1,"minecraft:chicken":4,"mna:barkling":4,"enemyexpansion:goblin":1,"mna:hulking_zombie":1,"minecraft:pig":6,"mna:witch_hunter":2,"enemyexpansion:ladybug":1,"untamedwilds:boar":14,"enemyexpansion:sprinter":2,"minecraft:creeper":1,"minecraft:zombie":5,"iceandfire:ghost":2,"untamedwilds:bison":6,"alexsmobs:fly":3,"untamedwilds:snake":5,"enemyexpansion:wasp":5,"minecraft:enderman":2,"minecraft:cow":2,"enemyexpansion:slugger":5},"minecraft:mined":{"minecraft:tuff":27,"minecraft:oak_sapling":1,"iceandfire:silver_ore":1,"rogcontinued:whiteironchunkore":5,"minecraft:mossy_cobblestone":29,"biomesoplenty:desert_grass":5,"minecraft:brewing_stand":1,"minecraft:ladder":1,"minecraft:granite":20,"biomesoplenty:bush":32,"untamedwilds:flora_hemlock":3,"epicsamurai:deepslate_ruby_ore":1,"minecraft:grass_block":680,"minecraft:brick_stairs":1,"twigs:twig":2,"minecraft:spruce_leaves":66,"mna:vinteum_ore":1,"minecraft:oxeye_daisy":2,"minecraft:sandstone":3,"minecraft:raw_iron_block":8,"rogcontinued:ironchunkore":5,"minecraft:mossy_cobblestone_stairs":4,"minecraft:furnace":7,"minecraft:andesite":27,"biomesoplenty:lavender":11,"mna:aum":1,"treechop:chopped_log":135,"minecraft:vine":46,"minecraft:dirt_path":2,"minecraft:stone":1122,"minecraft:smithing_table":1,"minecraft:podzol":1,"twigs:pebble":1,"minecraft:smoker":1,"minecraft:clay":40,"minecraft:crafting_table":6,"minecraft:torch":3,"untamedwilds:flora_bush_temperate":1,"minecraft:blast_furnace":2,"minecraft:mossy_cobblestone_wall":3,"minecraft:poppy":3,"minecraft:melon":17,"mna:cerublossom":2,"minecraft:chest":1,"minecraft:cobblestone":2,"minecraft:copper_ore":2,"biomesoplenty:sprout":3,"minecraft:damaged_anvil":1,"minecraft:oak_planks":3,"arclight:cloudstone":12,"minecraft:diorite":50,"minecraft:wall_torch":6,"untamedwilds:block_burrow":1,"minecraft:birch_log":1,"minecraft:wheat":33,"minecraft:spruce_log":42,"gobber2:gobber2_lucky_block_deepslate":4,"minecraft:grass":63,"minecraft:coal_ore":1,"minecraft:oak_log":29,"minecraft:gravel":30,"minecraft:sand":34,"minecraft:dirt":301,"twigs:rhyolite":1,"minecraft:deepslate":139,"minecraft:oak_leaves":21},"minecraft:broken":{"minecraft:iron_shovel":3,"minecraft:stone_sword":1,"minecraft:stone_pickaxe":4,"minecraft:iron_axe":2,"minecraft:stone_axe":3,"minecraft:iron_pickaxe":7}},"DataVersion":3120}