{"stats":{"minecraft:killed":{"enemyexpansion:equestrian":1,"minecraft:spider":1,"minecraft:skeleton":2,"arphex:long_legs_fly":1,"minecraft:chicken":4,"mna:barkling":4,"enemyexpansion:goblin":1,"mna:hulking_zombie":1,"mna:witch_hunter":1,"enemyexpansion:ladybug":1,"untamedwilds:boar":14,"enemyexpansion:sprinter":1,"minecraft:creeper":1,"iceandfire:ghost":1,"minecraft:zombie":3,"untamedwilds:bison":6,"alexsmobs:fly":3,"untamedwilds:snake":5,"enemyexpansion:wasp":4,"minecraft:cow":2,"enemyexpansion:slugger":5},"minecraft:picked_up":{"biomesoplenty:redwood_log":414,"minecraft:spruce_leaves":1,"minecraft:crafting_table":6,"minecraft:wheat":33,"minecraft:chicken":4,"minecraft:ladder":1,"minecraft:clay_ball":160,"minecraft:smithing_table":1,"minecraft:lead":1,"enemyexpansion:wasp_thorax":2,"biomesoplenty:jacaranda_sapling":3,"rogcontinued:mistveiledleadelixir":1,"untamedwilds:flora_hemlock":1,"minecraft:brewing_stand":1,"minecraft:raw_copper":242,"rogcontinued:tileofdecarabianstower":2,"minecraft:experience_bottle":1,"mna:vinteum_ore":16,"minecraft:cobbled_deepslate":152,"twigs:pebble":9,"minecraft:beef":6,"rogcontinued:borealwolfsmilktooth":1,"minecraft:poppy":3,"minecraft:chest":1,"minecraft:melon_slice":81,"minecraft:birch_sapling":133,"minecraft:furnace":7,"minecraft:egg":81,"minecraft:dark_oak_sapling":2,"iceandfire:pixie_dust":9,"minecraft:stick":9,"minecraft:raw_iron":152,"untamedwilds:flora_bush_temperate":1,"minecraft:torch":20,"iceandfire:silver_ore":1,"farmersdelight:tomato_seeds":3,"iceandfire:rotten_egg":3,"minecraft:diorite":48,"minecraft:redstone":25,"mna:sachet_ender":1,"farmersdelight:fried_egg":3,"minecraft:arrow":3,"minecraft:rotten_flesh":6,"biomesoplenty:jacaranda_log":7,"untameddelight:boar_chop":19,"biomesoplenty:redwood_sapling":91,"minecraft:brick_stairs":1,"minecraft:birch_log":297,"rogcontinued:ironchunk":5,"minecraft:white_wool":9,"minecraft:cobblestone":1123,"minecraft:oxeye_daisy":2,"biomesoplenty:lavender":7,"minecraft:feather":4,"minecraft:andesite":21,"gobber2:gobber2_gooey_beefstew":1,"mna:sachet_water":10,"minecraft:leather":30,"minecraft:flint":2,"minecraft:tuff":27,"minecraft:oak_log":548,"minecraft:dirt":904,"minecraft:bone":25,"minecraft:apple":22,"untamedwilds:material_fat":12,"minecraft:wheat_seeds":102,"gobber2:gobber2_gooey_beef":3,"minecraft:raw_gold":2,"minecraft:iron_ingot":6,"twigs:twig":260,"galosphere:raw_silver":2,"mna:cerublossom":4,"untameddelight:bison_meat":8,"minecraft:oak_planks":3,"rogcontinued:chainsofthedandeliongladiator":1,"waystones:mossy_waystone":2,"minecraft:gravel":19,"minecraft:sand":34,"minecraft:spruce_sapling":47,"minecraft:blast_furnace":2,"minecraft:spruce_log":48,"mna:aum":1,"biomesoplenty:flowering_oak_sapling":8,"arclight:cloudstone_cobbled":12,"travelersbackpack:standard":1,"biomesoplenty:mahogany_log":24,"rogcontinued:luminoussandsfromguyun":3,"minecraft:diamond":9,"rogcontinued:whiteironchunk":5,"minecraft:granite":21,"alexsmobs:maggot":2,"twigs:rhyolite":2,"minecraft:oak_sapling":144,"epicsamurai:ruby":6,"minecraft:damaged_anvil":1,"minecraft:coal":505,"gobber2:gobber2_goo":2},"minecraft:killed_by":{"iceandfire:sea_serpent":2,"iceandfire:lightning_dragon":1,"naturalist:bear":1},"minecraft:dropped":{"farmersdelight:tomato_seeds":6,"minecraft:oak_log":1,"untamedwilds:material_fat":2,"minecraft:dark_oak_sapling":2,"mna:cerublossom":2,"biomesoplenty:lavender":5,"minecraft:cobblestone":1,"minecraft:granite":5,"travelersbackpack:standard":1,"arclight:cloudstone_cobbled":12,"twigs:pebble":5,"minecraft:oxeye_daisy":2,"minecraft:dirt":12,"minecraft:diorite":18,"biomesoplenty:flowering_oak_sapling":1,"minecraft:rose_bush":1,"minecraft:sand":4,"paraglider:paraglider":1,"twigs:twig":3,"minecraft:spruce_sapling":9,"twigs:rhyolite":2,"biomesoplenty:redwood_sapling":21,"untamedwilds:flora_bush_temperate":1,"minecraft:birch_sapling":35,"minecraft:pumpkin_seeds":4,"minecraft:copper_ore":64,"minecraft:poppy":3,"minecraft:oak_sapling":101,"minecraft:andesite":9,"minecraft:melon_seeds":3},"minecraft:mined":{"minecraft:tuff":27,"rogcontinued:whiteironchunkore":5,"biomesoplenty:desert_grass":5,"minecraft:brewing_stand":1,"minecraft:ladder":1,"minecraft:granite":20,"biomesoplenty:bush":32,"untamedwilds:flora_hemlock":3,"epicsamurai:deepslate_ruby_ore":1,"minecraft:grass_block":657,"minecraft:brick_stairs":1,"twigs:twig":1,"minecraft:spruce_leaves":66,"mna:vinteum_ore":1,"minecraft:oxeye_daisy":2,"minecraft:sandstone":3,"rogcontinued:ironchunkore":5,"minecraft:furnace":7,"biomesoplenty:lavender":11,"mna:aum":1,"minecraft:andesite":27,"treechop:chopped_log":114,"minecraft:dirt_path":2,"minecraft:stone":1113,"minecraft:podzol":1,"minecraft:smithing_table":1,"twigs:pebble":1,"minecraft:clay":40,"minecraft:crafting_table":6,"minecraft:torch":3,"untamedwilds:flora_bush_temperate":1,"minecraft:blast_furnace":2,"minecraft:poppy":3,"minecraft:melon":17,"mna:cerublossom":2,"minecraft:chest":1,"minecraft:copper_ore":2,"biomesoplenty:sprout":3,"arclight:cloudstone":12,"minecraft:oak_planks":3,"minecraft:damaged_anvil":1,"minecraft:diorite":50,"minecraft:wall_torch":6,"untamedwilds:block_burrow":1,"minecraft:wheat":33,"minecraft:birch_log":1,"minecraft:spruce_log":42,"minecraft:oak_log":29,"gobber2:gobber2_lucky_block_deepslate":4,"minecraft:grass":57,"minecraft:coal_ore":1,"minecraft:gravel":30,"minecraft:sand":34,"minecraft:dirt":271,"twigs:rhyolite":1,"minecraft:oak_leaves":7,"minecraft:deepslate":139},"minecraft:used":{"minecraft:stone_sword":131,"minecraft:iron_shovel":912,"minecraft:spruce_slab":1,"minecraft:ladder":306,"minecraft:chest":8,"minecraft:iron_sword":43,"minecraft:cooked_chicken":4,"minecraft:torch":151,"minecraft:dirt":764,"biomesoplenty:redwood_fence":24,"minecraft:granite":2,"minecraft:iron_hoe":83,"minecraft:wooden_axe":46,"minecraft:iron_axe":521,"minecraft:iron_helmet":1,"minecraft:iron_boots":1,"gobber2:gobber2_gooey_beef":1,"minecraft:oak_sapling":22,"minecraft:furnace":8,"minecraft:cobbled_deepslate":13,"farmersdelight:fried_egg":11,"minecraft:iron_leggings":1,"minecraft:wheat_seeds":97,"minecraft:water_bucket":17,"minecraft:diorite":3,"biomesoplenty:redwood_fence_gate":2,"minecraft:stone_pickaxe":408,"minecraft:oak_planks":435,"minecraft:wooden_pickaxe":14,"minecraft:crafting_table":10,"minecraft:white_bed":1,"untameddelight:cooked_boar_chop":11,"minecraft:shears":1,"untameddelight:cooked_bison_meat":7,"minecraft:oak_log":128,"minecraft:apple":14,"minecraft:bread":4,"waystones:mossy_waystone":1,"minecraft:iron_pickaxe":1087,"minecraft:stone_axe":422,"minecraft:gravel":8,"rogcontinued:dragonslayer":43,"minecraft:cobblestone":11,"minecraft:bucket":24,"minecraft:experience_bottle":1,"minecraft:bone_meal":78},"minecraft:broken":{"minecraft:iron_shovel":3,"minecraft:stone_sword":1,"minecraft:stone_pickaxe":4,"minecraft:iron_axe":2,"minecraft:stone_axe":3,"minecraft:iron_pickaxe":6},"minecraft:crafted":{"minecraft:oak_planks":496,"minecraft:iron_nugget":9,"minecraft:cooked_chicken":4,"minecraft:furnace":4,"rogcontinued:dragonslayer":1,"minecraft:bone_meal":78,"minecraft:glass":30,"travelersbackpack:white_sleeping_bag":1,"minecraft:iron_boots":1,"minecraft:spruce_slab":24,"minecraft:iron_hoe":1,"minecraft:iron_axe":4,"minecraft:ladder":381,"minecraft:stone_pickaxe":5,"minecraft:chest":35,"untameddelight:cooked_boar_chop":11,"paraglider:paraglider":2,"minecraft:crafting_table":4,"minecraft:spruce_planks":40,"biomesoplenty:redwood_planks":1144,"travelersbackpack:backpack_tank":2,"minecraft:iron_helmet":1,"minecraft:wooden_pickaxe":2,"travelersbackpack:standard":1,"biomesoplenty:redwood_fence":144,"minecraft:iron_sword":1,"biomesoplenty:redwood_fence_gate":2,"minecraft:copper_ingot":64,"minecraft:birch_planks":76,"minecraft:stone_axe":4,"minecraft:bread":4,"minecraft:air":0,"farmersdelight:fried_egg":45,"minecraft:iron_chestplate":1,"minecraft:charcoal":5,"minecraft:stick":1596,"minecraft:iron_ingot":116,"minecraft:iron_pickaxe":14,"minecraft:wooden_axe":1,"minecraft:iron_block":2,"minecraft:stone_sword":1,"minecraft:iron_leggings":1,"minecraft:iron_shovel":5,"minecraft:gold_ingot":2,"untameddelight:cooked_bison_meat":8,"minecraft:white_bed":1,"minecraft:torch":288,"minecraft:shears":1},"minecraft:custom":{"minecraft:mob_kills":63,"minecraft:animals_bred":5,"minecraft:interact_with_crafting_table":71,"minecraft:open_barrel":6,"minecraft:leave_game":14,"minecraft:time_since_death":352765,"minecraft:climb_one_cm":115182,"minecraft:sprint_one_cm":735942,"minecraft:walk_one_cm":1102627,"minecraft:drop":41,"minecraft:talked_to_villager":1,"minecraft:play_time":451265,"minecraft:deaths":4,"minecraft:sneak_time":47724,"minecraft:walk_under_water_one_cm":13131,"minecraft:jump":5461,"minecraft:walk_on_water_one_cm":16819,"minecraft:total_world_time":451265,"minecraft:interact_with_furnace":104,"minecraft:sleep_in_bed":17,"minecraft:time_since_rest":17212,"minecraft:waystone_activated":2,"minecraft:damage_taken":4111,"minecraft:damage_dealt":11734,"minecraft:swim_one_cm":48025,"minecraft:open_chest":148,"minecraft:fly_one_cm":1548342,"minecraft:crouch_one_cm":145099,"minecraft:fall_one_cm":109452,"minecraft:horse_one_cm":3901}},"DataVersion":3120}