{"stats":{"minecraft:dropped":{"minecraft:oak_log":1,"untamedwilds:material_fat":2,"minecraft:dark_oak_sapling":2,"mna:cerublossom":3,"travelersbackpack:standard":1,"minecraft:spruce_leaves":2,"twigs:pebble":5,"minecraft:dirt":12,"biomesoplenty:flowering_oak_sapling":1,"minecraft:sand":4,"paraglider:paraglider":2,"minecraft:white_wool":1,"twigs:twig":3,"minecraft:gravel":1,"biomesoplenty:redwood_sapling":207,"minecraft:birch_sapling":42,"minecraft:poppy":3,"minecraft:melon_seeds":3,"farmersdelight:tomato_seeds":6,"biomesoplenty:jacaranda_sapling":1,"minecraft:wheat_seeds":2,"biomesoplenty:lavender":5,"minecraft:feather":1,"minecraft:cobblestone":1,"minecraft:granite":5,"arclight:cloudstone_cobbled":12,"minecraft:oxeye_daisy":2,"minecraft:diorite":18,"minecraft:rose_bush":1,"minecraft:iron_axe":2,"minecraft:iron_shovel":1,"minecraft:spruce_sapling":9,"twigs:rhyolite":2,"untamedwilds:flora_bush_temperate":1,"minecraft:pumpkin_seeds":4,"biomesoplenty:sprout":3,"minecraft:copper_ore":64,"farmersdelight:fried_egg":13,"minecraft:andesite":9,"minecraft:oak_sapling":114},"minecraft:killed_by":{"iceandfire:sea_serpent":2,"iceandfire:lightning_dragon":1,"naturalist:bear":1},"minecraft:crafted":{"minecraft:oak_planks":1160,"minecraft:cooked_chicken":4,"minecraft:glass":30,"minecraft:iron_boots":1,"minecraft:chest":38,"minecraft:cooked_porkchop":15,"minecraft:crafting_table":5,"minecraft:spruce_planks":40,"minecraft:wooden_pickaxe":2,"minecraft:iron_helmet":1,"travelersbackpack:standard":1,"minecraft:copper_ingot":101,"minecraft:birch_planks":100,"farmersdelight:fried_egg":116,"minecraft:iron_chestplate":1,"minecraft:charcoal":5,"minecraft:stick":1875,"minecraft:iron_ingot":277,"minecraft:iron_pickaxe":14,"minecraft:iron_block":18,"minecraft:stone_sword":1,"minecraft:gold_ingot":2,"untameddelight:cooked_bison_meat":8,"minecraft:shears":2,"minecraft:raw_iron":72,"minecraft:iron_nugget":9,"comforts:sleeping_bag_white":1,"minecraft:furnace":6,"rogcontinued:dragonslayer":1,"minecraft:bone_meal":78,"travelersbackpack:white_sleeping_bag":1,"minecraft:iron_axe":6,"minecraft:spruce_slab":24,"minecraft:ladder":381,"minecraft:iron_hoe":1,"minecraft:stone_pickaxe":5,"untameddelight:cooked_boar_chop":11,"paraglider:paraglider":2,"minecraft:coal_block":38,"biomesoplenty:redwood_planks":1144,"travelersbackpack:backpack_tank":2,"biomesoplenty:redwood_fence":144,"minecraft:iron_sword":1,"biomesoplenty:redwood_fence_gate":2,"minecraft:stone_axe":4,"minecraft:bread":4,"minecraft:air":0,"minecraft:wooden_axe":1,"minecraft:oak_stairs":432,"minecraft:iron_leggings":1,"minecraft:iron_shovel":9,"minecraft:white_bed":3,"minecraft:torch":288},"minecraft:custom":{"minecraft:animals_bred":8,"minecraft:interact_with_crafting_table":90,"minecraft:open_barrel":6,"minecraft:leave_game":20,"minecraft:time_since_death":184870,"minecraft:sprint_one_cm":1042384,"minecraft:drop":69,"minecraft:talked_to_villager":1,"minecraft:play_time":666428,"minecraft:deaths":5,"minecraft:jump":7913,"minecraft:walk_on_water_one_cm":23894,"minecraft:interact_with_furnace":150,"minecraft:sleep_in_bed":21,"minecraft:waystone_activated":2,"minecraft:damage_dealt":27749,"minecraft:crouch_one_cm":213713,"minecraft:interact_with_smoker":10,"minecraft:horse_one_cm":3901,"minecraft:mob_kills":153,"minecraft:climb_one_cm":116236,"minecraft:walk_one_cm":1921957,"minecraft:sneak_time":65828,"minecraft:walk_under_water_one_cm":13950,"minecraft:total_world_time":666428,"minecraft:time_since_rest":41432,"minecraft:damage_taken":6202,"minecraft:swim_one_cm":49919,"minecraft:fly_one_cm":1836845,"minecraft:open_chest":231,"minecraft:fall_one_cm":153201},"minecraft:used":{"minecraft:iron_shovel":1764,"minecraft:spruce_slab":1,"minecraft:ladder":306,"minecraft:chest":11,"minecraft:iron_sword":44,"minecraft:spruce_leaves":20,"biomesoplenty:redwood_fence":24,"minecraft:grass_block":2,"minecraft:iron_helmet":1,"minecraft:furnace":10,"minecraft:oak_sapling":33,"minecraft:diorite":3,"biomesoplenty:redwood_fence_gate":2,"minecraft:stone_pickaxe":408,"minecraft:oak_planks":435,"minecraft:ender_pearl":2,"minecraft:wooden_pickaxe":14,"minecraft:oak_leaves":3,"minecraft:crossbow":1,"minecraft:shears":84,"minecraft:bread":4,"minecraft:gravel":8,"rogcontinued:dragonslayer":237,"minecraft:mossy_cobblestone_wall":3,"minecraft:bone_meal":78,"minecraft:experience_bottle":1,"minecraft:stone_sword":131,"minecraft:cooked_chicken":4,"minecraft:torch":192,"minecraft:dirt":1399,"minecraft:granite":2,"minecraft:mossy_cobblestone_stairs":1,"minecraft:iron_hoe":83,"minecraft:wooden_axe":46,"minecraft:iron_axe":1010,"minecraft:oak_stairs":427,"minecraft:iron_boots":1,"gobber2:gobber2_gooey_beef":2,"minecraft:cobbled_deepslate":13,"minecraft:iron_leggings":1,"farmersdelight:fried_egg":11,"minecraft:wheat_seeds":122,"minecraft:water_bucket":20,"minecraft:mossy_cobblestone":24,"minecraft:vine":46,"minecraft:crafting_table":11,"minecraft:white_bed":3,"untameddelight:cooked_boar_chop":11,"minecraft:smoker":1,"untameddelight:cooked_bison_meat":7,"minecraft:oak_log":312,"minecraft:apple":22,"waystones:mossy_waystone":1,"minecraft:iron_pickaxe":1268,"minecraft:stone_axe":422,"twigs:twig":1,"minecraft:cobblestone":158,"minecraft:cooked_porkchop":10,"minecraft:bucket":27},"minecraft:picked_up":{"minecraft:wheat":95,"minecraft:smithing_table":1,"minecraft:lead":2,"minecraft:oak_stairs":21,"enemyexpansion:wasp_thorax":5,"untamedwilds:flora_hemlock":1,"rogcontinued:mistveiledleadelixir":4,"minecraft:brewing_stand":1,"minecraft:string":3,"minecraft:raw_copper":280,"rogcontinued:tileofdecarabianstower":3,"minecraft:experience_bottle":1,"alexsmobs:banana":1,"minecraft:cobbled_deepslate":152,"twigs:pebble":9,"rogcontinued:borealwolfsmilktooth":1,"minecraft:melon_slice":81,"minecraft:furnace":7,"iceandfire:pixie_dust":9,"minecraft:stick":18,"minecraft:torch":30,"iceandfire:silver_ore":8,"minecraft:porkchop":15,"iceandfire:rotten_egg":9,"minecraft:diorite":48,"minecraft:vine":46,"rogcontinued:fettersofthedandeliongladiator":1,"mna:sachet_ender":3,"farmersdelight:fried_egg":3,"minecraft:rotten_flesh":11,"untameddelight:boar_chop":19,"minecraft:cobblestone":1225,"biomesoplenty:lavender":7,"minecraft:birch_log":385,"minecraft:feather":5,"minecraft:andesite":21,"mna:sachet_water":10,"minecraft:smoker":1,"minecraft:flint":2,"minecraft:tuff":27,"minecraft:dirt":1412,"minecraft:bone":38,"gobber2:gobber2_gooey_beef":3,"minecraft:wheat_seeds":226,"minecraft:raw_gold":2,"twigs:twig":437,"galosphere:raw_silver":2,"mna:cerublossom":5,"untameddelight:bison_meat":8,"minecraft:oak_planks":3,"minecraft:sand":34,"minecraft:grass_block":2,"minecraft:mossy_cobblestone":29,"arclight:cloudstone_cobbled":12,"rogcontinued:luminoussandsfromguyun":4,"minecraft:diamond":9,"rogcontinued:whiteironchunk":5,"minecraft:crossbow":1,"minecraft:granite":21,"alexsmobs:maggot":3,"epicsamurai:ruby":6,"minecraft:oak_sapling":230,"twigs:rhyolite":2,"gobber2:gobber2_goo":2,"minecraft:oak_leaves":3,"biomesoplenty:redwood_log":1251,"minecraft:spruce_leaves":25,"minecraft:crafting_table":6,"minecraft:chicken":5,"minecraft:ladder":1,"minecraft:clay_ball":160,"biomesoplenty:jacaranda_sapling":4,"mna:vinteum_ore":16,"minecraft:mossy_cobblestone_wall":3,"minecraft:beef":18,"minecraft:jungle_sapling":1,"biomesoplenty:sprout":3,"minecraft:poppy":3,"minecraft:chest":1,"minecraft:birch_sapling":166,"minecraft:egg":155,"minecraft:dark_oak_sapling":4,"minecraft:raw_iron":241,"untamedwilds:flora_bush_temperate":2,"farmersdelight:tomato_seeds":3,"minecraft:redstone":25,"minecraft:arrow":25,"biomesoplenty:jacaranda_log":7,"biomesoplenty:redwood_sapling":289,"minecraft:brick_stairs":1,"minecraft:mutton":6,"minecraft:white_wool":22,"minecraft:oxeye_daisy":2,"rogcontinued:ironchunk":5,"gobber2:gobber2_gooey_beefstew":1,"minecraft:leather":89,"minecraft:oak_log":728,"iceandfire:ectoplasm":1,"minecraft:apple":31,"untamedwilds:material_fat":34,"minecraft:iron_ingot":6,"arphex:burning_glands":2,"minecraft:pumpkin":6,"mna:mark_of_the_undead":1,"rogcontinued:chainsofthedandeliongladiator":1,"waystones:mossy_waystone":2,"minecraft:raw_iron_block":8,"minecraft:gravel":21,"minecraft:blast_furnace":2,"minecraft:spruce_sapling":49,"minecraft:spruce_log":57,"mna:aum":1,"minecraft:spider_eye":1,"mna:sachet_earth":1,"biomesoplenty:flowering_oak_sapling":8,"travelersbackpack:standard":1,"biomesoplenty:mahogany_log":24,"minecraft:mossy_cobblestone_stairs":1,"minecraft:damaged_anvil":1,"minecraft:coal":629,"minecraft:ender_pearl":2},"minecraft:broken":{"minecraft:iron_shovel":6,"minecraft:stone_pickaxe":4,"minecraft:stone_axe":3,"minecraft:stone_sword":1,"minecraft:iron_axe":4,"minecraft:iron_pickaxe":8},"minecraft:mined":{"minecraft:oak_sapling":1,"rogcontinued:whiteironchunkore":5,"minecraft:brewing_stand":1,"minecraft:granite":20,"minecraft:grass_block":980,"twigs:twig":3,"minecraft:oxeye_daisy":2,"minecraft:raw_iron_block":8,"rogcontinued:ironchunkore":5,"minecraft:mossy_cobblestone_stairs":4,"biomesoplenty:lavender":11,"minecraft:pumpkin":6,"minecraft:dirt_path":4,"minecraft:oak_stairs":21,"minecraft:smoker":1,"minecraft:clay":40,"minecraft:torch":9,"minecraft:blast_furnace":2,"minecraft:mossy_cobblestone_wall":3,"minecraft:poppy":3,"minecraft:melon":17,"mna:cerublossom":2,"minecraft:chest":1,"minecraft:cobblestone":3,"minecraft:oak_planks":3,"minecraft:damaged_anvil":1,"minecraft:wall_torch":8,"minecraft:birch_log":3,"minecraft:wheat":95,"minecraft:grass":88,"minecraft:oak_log":42,"minecraft:sand":34,"minecraft:dirt":482,"twigs:rhyolite":1,"minecraft:oak_leaves":23,"minecraft:deepslate":139,"minecraft:tuff":27,"untamedwilds:flora_junegrass":1,"iceandfire:silver_ore":1,"minecraft:mossy_cobblestone":29,"biomesoplenty:desert_grass":5,"minecraft:ladder":1,"untamedwilds:flora_hemlock":3,"biomesoplenty:bush":32,"epicsamurai:deepslate_ruby_ore":1,"minecraft:brick_stairs":1,"minecraft:spruce_leaves":96,"mna:vinteum_ore":1,"minecraft:sandstone":3,"minecraft:furnace":7,"mna:aum":1,"minecraft:andesite":27,"treechop:chopped_log":159,"minecraft:vine":46,"minecraft:stripped_oak_log":2,"minecraft:stone":1214,"minecraft:podzol":1,"minecraft:smithing_table":1,"twigs:pebble":1,"minecraft:crafting_table":6,"untamedwilds:flora_bush_temperate":1,"minecraft:copper_ore":2,"biomesoplenty:sprout":13,"arclight:cloudstone":12,"minecraft:diorite":50,"untamedwilds:block_burrow":3,"minecraft:spruce_log":42,"minecraft:birch_leaves":1,"gobber2:gobber2_lucky_block_deepslate":4,"minecraft:coal_ore":1,"minecraft:gravel":31,"minecraft:fern":9},"minecraft:killed":{"enemyexpansion:equestrian":2,"minecraft:spider":4,"minecraft:skeleton":7,"minecraft:chicken":7,"arphex:ant_arsonist":1,"mna:spell_breaker":1,"minecraft:pig":6,"enemyexpansion:ladybug":1,"untamedwilds:boar":15,"minecraft:creeper":1,"minecraft:sheep":4,"minecraft:trader_llama":1,"minecraft:zombie":8,"enemyexpansion:botfly":2,"untamedwilds:bison":21,"alexsmobs:fly":3,"untamedwilds:snake":8,"minecraft:cow":9,"enemyexpansion:wasp":14,"mna:skeleton_assassin":1,"minecraft:horse":5,"arphex:long_legs_fly":1,"mna:barkling":6,"enemyexpansion:goblin":1,"mna:hulking_zombie":1,"mna:witch_hunter":3,"naturalist:bear":2,"untamedwilds:newt":3,"enemyexpansion:sprinter":3,"iceandfire:ghost":2,"naturalist:lizard":2,"minecraft:enderman":2,"enemyexpansion:slugger":5}},"DataVersion":3120}