{"stats":{"minecraft:killed":{"minecraft:spider":1,"minecraft:chicken":4,"untamedwilds:boar":9,"minecraft:creeper":1,"minecraft:zombie":1,"untamedwilds:bison":5,"alexsmobs:fly":1,"untamedwilds:snake":4,"minecraft:cow":2,"enemyexpansion:slugger":5},"minecraft:picked_up":{"biomesoplenty:redwood_log":414,"minecraft:spruce_leaves":1,"minecraft:crafting_table":6,"minecraft:chicken":4,"minecraft:ladder":1,"minecraft:clay_ball":160,"minecraft:smithing_table":1,"biomesoplenty:jacaranda_sapling":3,"untamedwilds:flora_hemlock":1,"minecraft:raw_copper":242,"mna:vinteum_ore":13,"minecraft:cobbled_deepslate":152,"twigs:pebble":8,"minecraft:beef":6,"minecraft:poppy":3,"minecraft:melon_slice":81,"minecraft:birch_sapling":49,"minecraft:furnace":7,"minecraft:egg":81,"iceandfire:pixie_dust":2,"minecraft:raw_iron":134,"minecraft:torch":9,"iceandfire:silver_ore":1,"farmersdelight:tomato_seeds":3,"iceandfire:rotten_egg":3,"minecraft:diorite":48,"minecraft:redstone":25,"farmersdelight:fried_egg":3,"minecraft:rotten_flesh":5,"biomesoplenty:jacaranda_log":7,"untameddelight:boar_chop":14,"biomesoplenty:redwood_sapling":70,"minecraft:brick_stairs":1,"minecraft:birch_log":166,"minecraft:cobblestone":936,"minecraft:white_wool":9,"rogcontinued:ironchunk":5,"minecraft:oxeye_daisy":2,"biomesoplenty:lavender":2,"minecraft:feather":4,"minecraft:andesite":21,"gobber2:gobber2_gooey_beefstew":1,"minecraft:leather":23,"minecraft:flint":2,"minecraft:tuff":27,"minecraft:oak_log":56,"minecraft:dirt":237,"minecraft:bone":20,"minecraft:apple":1,"untamedwilds:material_fat":6,"gobber2:gobber2_gooey_beef":1,"minecraft:wheat_seeds":4,"minecraft:raw_gold":2,"minecraft:iron_ingot":6,"twigs:twig":97,"galosphere:raw_silver":2,"mna:cerublossom":2,"untameddelight:bison_meat":8,"minecraft:oak_planks":1,"waystones:mossy_waystone":2,"minecraft:gravel":19,"minecraft:sand":34,"minecraft:spruce_sapling":8,"minecraft:blast_furnace":2,"minecraft:spruce_log":7,"travelersbackpack:standard":1,"mna:aum":1,"biomesoplenty:flowering_oak_sapling":7,"arclight:cloudstone_cobbled":12,"biomesoplenty:mahogany_log":24,"rogcontinued:luminoussandsfromguyun":1,"minecraft:diamond":9,"minecraft:granite":21,"twigs:rhyolite":2,"minecraft:oak_sapling":19,"epicsamurai:ruby":6,"minecraft:damaged_anvil":1,"minecraft:coal":312,"gobber2:gobber2_goo":2},"minecraft:killed_by":{"iceandfire:sea_serpent":2,"iceandfire:lightning_dragon":1,"naturalist:bear":1},"minecraft:dropped":{"farmersdelight:tomato_seeds":6,"mna:cerublossom":1,"minecraft:cobblestone":1,"minecraft:granite":5,"travelersbackpack:standard":1,"arclight:cloudstone_cobbled":12,"twigs:pebble":4,"minecraft:oxeye_daisy":2,"minecraft:dirt":10,"minecraft:diorite":18,"minecraft:rose_bush":1,"minecraft:sand":4,"twigs:rhyolite":2,"minecraft:pumpkin_seeds":4,"minecraft:copper_ore":64,"minecraft:poppy":3,"minecraft:andesite":9,"minecraft:melon_seeds":3},"minecraft:mined":{"minecraft:tuff":27,"minecraft:ladder":1,"minecraft:granite":20,"untamedwilds:flora_hemlock":3,"epicsamurai:deepslate_ruby_ore":1,"minecraft:grass_block":134,"minecraft:brick_stairs":1,"minecraft:spruce_leaves":17,"mna:vinteum_ore":1,"minecraft:oxeye_daisy":2,"minecraft:sandstone":3,"rogcontinued:ironchunkore":5,"minecraft:furnace":7,"biomesoplenty:lavender":2,"mna:aum":1,"minecraft:andesite":27,"treechop:chopped_log":35,"minecraft:dirt_path":1,"minecraft:stone":987,"minecraft:smithing_table":1,"minecraft:clay":40,"minecraft:crafting_table":6,"minecraft:torch":1,"minecraft:blast_furnace":2,"minecraft:poppy":3,"minecraft:melon":17,"mna:cerublossom":1,"minecraft:copper_ore":2,"biomesoplenty:sprout":3,"arclight:cloudstone":12,"minecraft:oak_planks":1,"minecraft:damaged_anvil":1,"minecraft:diorite":50,"minecraft:wall_torch":6,"minecraft:birch_log":1,"minecraft:spruce_log":9,"gobber2:gobber2_lucky_block_deepslate":4,"minecraft:grass":21,"minecraft:coal_ore":1,"minecraft:gravel":30,"minecraft:sand":34,"minecraft:dirt":118,"twigs:rhyolite":1,"minecraft:deepslate":139},"minecraft:used":{"minecraft:stone_sword":131,"minecraft:iron_shovel":250,"minecraft:ladder":306,"minecraft:chest":5,"minecraft:iron_sword":12,"minecraft:cooked_chicken":4,"minecraft:torch":94,"minecraft:dirt":126,"minecraft:granite":2,"minecraft:wooden_axe":46,"minecraft:iron_axe":100,"minecraft:iron_helmet":1,"minecraft:iron_boots":1,"minecraft:furnace":8,"minecraft:cobbled_deepslate":13,"farmersdelight:fried_egg":11,"minecraft:iron_leggings":1,"minecraft:diorite":3,"minecraft:stone_pickaxe":408,"minecraft:oak_planks":1,"minecraft:wooden_pickaxe":14,"minecraft:crafting_table":9,"minecraft:white_bed":1,"untameddelight:cooked_boar_chop":3,"minecraft:shears":1,"untameddelight:cooked_bison_meat":4,"minecraft:apple":1,"waystones:mossy_waystone":1,"minecraft:iron_pickaxe":939,"minecraft:gravel":8,"minecraft:stone_axe":161,"minecraft:cobblestone":1},"minecraft:broken":{"minecraft:iron_shovel":1,"minecraft:stone_sword":1,"minecraft:stone_pickaxe":4,"minecraft:stone_axe":1,"minecraft:iron_pickaxe":5},"minecraft:crafted":{"minecraft:oak_planks":48,"minecraft:cooked_chicken":4,"minecraft:furnace":4,"minecraft:glass":30,"travelersbackpack:white_sleeping_bag":1,"minecraft:iron_boots":1,"minecraft:iron_axe":1,"minecraft:ladder":381,"minecraft:stone_pickaxe":5,"minecraft:chest":35,"untameddelight:cooked_boar_chop":3,"paraglider:paraglider":1,"minecraft:crafting_table":3,"minecraft:spruce_planks":28,"biomesoplenty:redwood_planks":632,"travelersbackpack:backpack_tank":2,"travelersbackpack:standard":1,"minecraft:wooden_pickaxe":2,"minecraft:iron_helmet":1,"minecraft:iron_sword":1,"minecraft:birch_planks":76,"minecraft:stone_axe":2,"minecraft:air":0,"farmersdelight:fried_egg":45,"minecraft:iron_chestplate":1,"minecraft:charcoal":5,"minecraft:stick":1022,"minecraft:iron_ingot":70,"minecraft:iron_pickaxe":6,"minecraft:wooden_axe":1,"minecraft:stone_sword":1,"minecraft:gold_ingot":2,"minecraft:iron_shovel":1,"minecraft:iron_leggings":1,"untameddelight:cooked_bison_meat":7,"minecraft:white_bed":1,"minecraft:torch":240,"minecraft:shears":1},"minecraft:custom":{"minecraft:mob_kills":33,"minecraft:interact_with_crafting_table":49,"minecraft:open_barrel":3,"minecraft:leave_game":13,"minecraft:time_since_death":147189,"minecraft:climb_one_cm":74779,"minecraft:sprint_one_cm":366590,"minecraft:walk_one_cm":472910,"minecraft:drop":23,"minecraft:play_time":245689,"minecraft:deaths":4,"minecraft:sneak_time":25204,"minecraft:walk_under_water_one_cm":11667,"minecraft:jump":2520,"minecraft:walk_on_water_one_cm":12709,"minecraft:total_world_time":245689,"minecraft:interact_with_furnace":72,"minecraft:sleep_in_bed":7,"minecraft:time_since_rest":23436,"minecraft:waystone_activated":1,"minecraft:damage_taken":2786,"minecraft:damage_dealt":6211,"minecraft:swim_one_cm":31270,"minecraft:fly_one_cm":1201375,"minecraft:open_chest":50,"minecraft:crouch_one_cm":31897,"minecraft:fall_one_cm":45829,"minecraft:horse_one_cm":3901}},"DataVersion":3120}