{"stats":{"minecraft:crafted":{"minecraft:oak_planks":48,"minecraft:crafting_table":2,"minecraft:iron_helmet":1,"minecraft:wooden_pickaxe":2,"minecraft:cooked_chicken":4,"minecraft:furnace":4,"minecraft:stone_axe":2,"minecraft:air":0,"farmersdelight:fried_egg":45,"minecraft:iron_boots":1,"minecraft:iron_chestplate":1,"minecraft:charcoal":5,"minecraft:stick":54,"minecraft:iron_pickaxe":3,"minecraft:iron_ingot":35,"minecraft:stone_pickaxe":5,"minecraft:wooden_axe":1,"minecraft:stone_sword":1,"minecraft:chest":1,"minecraft:iron_leggings":1,"untameddelight:cooked_bison_meat":1,"minecraft:torch":108,"minecraft:shears":1},"minecraft:custom":{"minecraft:interact_with_furnace":41,"minecraft:mob_kills":12,"minecraft:interact_with_crafting_table":25,"minecraft:leave_game":12,"minecraft:time_since_death":47267,"minecraft:climb_one_cm":590,"minecraft:time_since_rest":47313,"minecraft:waystone_activated":1,"minecraft:sprint_one_cm":257864,"minecraft:damage_taken":2273,"minecraft:walk_one_cm":271893,"minecraft:drop":22,"minecraft:damage_dealt":2637,"minecraft:swim_one_cm":26881,"minecraft:fly_one_cm":1114819,"minecraft:open_chest":4,"minecraft:crouch_one_cm":15441,"minecraft:play_time":145767,"minecraft:deaths":4,"minecraft:sneak_time":14155,"minecraft:walk_under_water_one_cm":11591,"minecraft:jump":1656,"minecraft:walk_on_water_one_cm":11871,"minecraft:total_world_time":145767,"minecraft:horse_one_cm":3901,"minecraft:fall_one_cm":23087},"minecraft:picked_up":{"rogcontinued:ironchunk":5,"minecraft:crafting_table":5,"minecraft:feather":4,"minecraft:chicken":4,"minecraft:andesite":9,"gobber2:gobber2_gooey_beefstew":1,"minecraft:leather":3,"biomesoplenty:jacaranda_sapling":3,"minecraft:flint":2,"minecraft:oak_log":56,"minecraft:dirt":58,"minecraft:raw_copper":176,"mna:vinteum_ore":2,"minecraft:apple":1,"gobber2:gobber2_gooey_beef":1,"minecraft:wheat_seeds":2,"minecraft:cobbled_deepslate":45,"minecraft:raw_gold":2,"twigs:pebble":8,"minecraft:iron_ingot":6,"galosphere:raw_silver":2,"minecraft:poppy":3,"twigs:twig":13,"minecraft:melon_slice":81,"mna:cerublossom":1,"untameddelight:bison_meat":1,"minecraft:oak_planks":1,"minecraft:egg":81,"minecraft:furnace":6,"minecraft:raw_iron":91,"minecraft:torch":2,"waystones:mossy_waystone":2,"iceandfire:silver_ore":1,"minecraft:gravel":13,"minecraft:sand":4,"farmersdelight:tomato_seeds":3,"iceandfire:rotten_egg":3,"minecraft:diorite":47,"minecraft:redstone":25,"mna:aum":1,"arclight:cloudstone_cobbled":12,"biomesoplenty:flowering_oak_sapling":7,"biomesoplenty:mahogany_log":24,"farmersdelight:fried_egg":3,"minecraft:rotten_flesh":5,"rogcontinued:luminoussandsfromguyun":1,"biomesoplenty:jacaranda_log":7,"minecraft:diamond":1,"minecraft:granite":14,"minecraft:white_wool":5,"epicsamurai:ruby":6,"minecraft:oak_sapling":19,"twigs:rhyolite":2,"gobber2:gobber2_goo":2,"minecraft:coal":130,"biomesoplenty:lavender":2,"minecraft:cobblestone":436,"minecraft:oxeye_daisy":2},"minecraft:mined":{"minecraft:crafting_table":5,"minecraft:granite":13,"epicsamurai:deepslate_ruby_ore":1,"minecraft:grass_block":6,"minecraft:poppy":3,"minecraft:melon":17,"mna:cerublossom":1,"minecraft:spruce_leaves":5,"minecraft:copper_ore":1,"biomesoplenty:sprout":3,"minecraft:oak_planks":1,"arclight:cloudstone":12,"minecraft:diorite":49,"minecraft:oxeye_daisy":2,"minecraft:sandstone":3,"minecraft:wall_torch":2,"rogcontinued:ironchunkore":5,"minecraft:furnace":6,"minecraft:spruce_log":2,"biomesoplenty:lavender":2,"mna:aum":1,"minecraft:andesite":15,"treechop:chopped_log":8,"gobber2:gobber2_lucky_block_deepslate":4,"minecraft:grass":21,"minecraft:gravel":24,"minecraft:sand":3,"minecraft:dirt":64,"twigs:rhyolite":1,"minecraft:stone":485,"minecraft:deepslate":29},"minecraft:dropped":{"twigs:rhyolite":2,"mna:cerublossom":1,"minecraft:cobblestone":1,"minecraft:granite":5,"arclight:cloudstone_cobbled":12,"minecraft:pumpkin_seeds":4,"minecraft:oxeye_daisy":2,"minecraft:copper_ore":64,"twigs:pebble":4,"minecraft:poppy":3,"minecraft:dirt":10,"minecraft:diorite":18,"minecraft:andesite":9,"minecraft:melon_seeds":3,"minecraft:rose_bush":1,"minecraft:sand":4,"farmersdelight:tomato_seeds":6},"minecraft:broken":{"minecraft:stone_pickaxe":4,"minecraft:iron_pickaxe":1},"minecraft:killed_by":{"iceandfire:lightning_dragon":1,"iceandfire:sea_serpent":2,"naturalist:bear":1},"minecraft:killed":{"minecraft:spider":1,"minecraft:creeper":1,"minecraft:zombie":1,"minecraft:chicken":4,"enemyexpansion:slugger":5},"minecraft:used":{"minecraft:diorite":3,"minecraft:stone_sword":58,"minecraft:stone_pickaxe":408,"minecraft:oak_planks":1,"minecraft:chest":1,"minecraft:wooden_pickaxe":14,"minecraft:cooked_chicken":4,"minecraft:torch":68,"minecraft:dirt":24,"minecraft:crafting_table":6,"minecraft:granite":2,"minecraft:wooden_axe":46,"minecraft:apple":1,"minecraft:iron_pickaxe":252,"waystones:mossy_waystone":1,"minecraft:iron_helmet":1,"minecraft:iron_boots":1,"minecraft:gravel":7,"minecraft:stone_axe":38,"minecraft:furnace":6,"minecraft:iron_leggings":1,"minecraft:cobbled_deepslate":13,"farmersdelight:fried_egg":9}},"DataVersion":3120}