{"stats":{"minecraft:dropped":{"minecraft:oak_log":1,"untamedwilds:material_fat":2,"minecraft:dark_oak_sapling":2,"mna:cerublossom":3,"travelersbackpack:standard":1,"minecraft:spruce_leaves":2,"twigs:pebble":5,"minecraft:dirt":179,"rogcontinued:bonelance":1,"biomesoplenty:flowering_oak_sapling":1,"biomesoplenty:jacaranda_leaves":2,"minecraft:sand":4,"paraglider:paraglider":2,"minecraft:white_wool":1,"twigs:twig":25,"minecraft:gravel":1,"biomesoplenty:redwood_sapling":344,"minecraft:birch_sapling":70,"minecraft:rotten_flesh":14,"minecraft:poppy":4,"rogcontinued:mistveiledleadelixir":1,"minecraft:melon_seeds":3,"farmersdelight:tomato_seeds":6,"biomesoplenty:jacaranda_sapling":32,"minecraft:wheat_seeds":6,"arclight:moon_sapling":1,"untamedwilds:flora_yarrow":3,"biomesoplenty:lavender":21,"minecraft:feather":3,"minecraft:cobblestone":7,"minecraft:granite":5,"arclight:cloudstone_cobbled":12,"minecraft:oxeye_daisy":2,"minecraft:diorite":18,"minecraft:rose_bush":1,"minecraft:iron_axe":2,"minecraft:iron_shovel":1,"minecraft:spruce_sapling":19,"twigs:rhyolite":2,"untamedwilds:flora_bush_temperate":1,"minecraft:pumpkin_seeds":4,"biomesoplenty:sprout":6,"minecraft:copper_ore":64,"farmersdelight:fried_egg":13,"minecraft:andesite":9,"minecraft:oak_sapling":122},"minecraft:killed_by":{"iceandfire:sea_serpent":2,"enemyexpansion:trollenraged":1,"iceandfire:lightning_dragon":1,"naturalist:bear":1},"minecraft:crafted":{"minecraft:oak_planks":1228,"minecraft:cooked_chicken":4,"minecraft:glass":30,"minecraft:iron_boots":1,"minecraft:chest":56,"biomesoplenty:jacaranda_planks":4,"minecraft:cooked_porkchop":15,"minecraft:diamond_axe":1,"minecraft:crafting_table":6,"minecraft:spruce_planks":40,"minecraft:wooden_pickaxe":2,"minecraft:iron_helmet":1,"travelersbackpack:standard":1,"minecraft:copper_ingot":165,"minecraft:birch_planks":100,"rogcontinued:bonelance":1,"farmersdelight:fried_egg":116,"minecraft:iron_chestplate":1,"minecraft:diamond_pickaxe":1,"minecraft:charcoal":5,"minecraft:stick":2003,"minecraft:iron_ingot":421,"minecraft:iron_pickaxe":14,"minecraft:iron_block":18,"minecraft:stone_sword":1,"minecraft:gold_ingot":2,"untameddelight:cooked_bison_meat":8,"minecraft:shears":2,"minecraft:raw_iron":72,"minecraft:iron_nugget":9,"comforts:sleeping_bag_white":1,"minecraft:furnace":6,"rogcontinued:dragonslayer":1,"minecraft:bone_meal":78,"travelersbackpack:white_sleeping_bag":1,"minecraft:iron_axe":7,"minecraft:spruce_slab":24,"minecraft:ladder":390,"minecraft:iron_hoe":1,"minecraft:stone_pickaxe":5,"untameddelight:cooked_boar_chop":13,"paraglider:paraglider":3,"minecraft:coal_block":38,"biomesoplenty:redwood_planks":1240,"travelersbackpack:backpack_tank":2,"biomesoplenty:redwood_fence":150,"minecraft:iron_sword":1,"biomesoplenty:redwood_fence_gate":2,"minecraft:stone_axe":4,"minecraft:bread":4,"minecraft:air":0,"minecraft:wooden_axe":1,"minecraft:oak_stairs":432,"minecraft:iron_leggings":1,"minecraft:iron_shovel":10,"minecraft:white_bed":3,"minecraft:torch":288,"ironchest:iron_chest":18},"minecraft:custom":{"minecraft:animals_bred":8,"minecraft:interact_with_crafting_table":102,"minecraft:open_barrel":6,"minecraft:leave_game":20,"minecraft:time_since_death":4490,"minecraft:sprint_one_cm":1450830,"minecraft:drop":105,"minecraft:talked_to_villager":1,"minecraft:play_time":840428,"minecraft:deaths":6,"minecraft:jump":9343,"minecraft:walk_on_water_one_cm":29576,"minecraft:interact_with_furnace":167,"minecraft:sleep_in_bed":22,"minecraft:waystone_activated":2,"minecraft:damage_dealt":34476,"minecraft:crouch_one_cm":287761,"minecraft:interact_with_smoker":16,"minecraft:horse_one_cm":5058,"minecraft:mob_kills":188,"minecraft:damage_dealt_resisted":118,"minecraft:climb_one_cm":117195,"minecraft:walk_one_cm":2361599,"minecraft:sneak_time":83296,"minecraft:walk_under_water_one_cm":17221,"minecraft:total_world_time":840428,"minecraft:time_since_rest":4536,"minecraft:damage_taken":7278,"minecraft:swim_one_cm":54746,"minecraft:fly_one_cm":2130863,"minecraft:open_chest":543,"minecraft:fall_one_cm":179909},"minecraft:used":{"biomesoplenty:redwood_leaves":9,"minecraft:iron_shovel":2287,"minecraft:spruce_slab":1,"minecraft:ladder":310,"minecraft:chest":38,"minecraft:iron_sword":44,"minecraft:spruce_leaves":20,"biomesoplenty:redwood_fence":28,"ironchest:iron_chest":40,"minecraft:glass":18,"minecraft:grass_block":2,"minecraft:iron_helmet":1,"biomesoplenty:jacaranda_sapling":26,"minecraft:furnace":11,"minecraft:oak_sapling":33,"minecraft:diorite":3,"biomesoplenty:redwood_fence_gate":2,"minecraft:stone_pickaxe":408,"minecraft:oak_planks":435,"minecraft:ender_pearl":2,"minecraft:wooden_pickaxe":14,"minecraft:diamond_axe":265,"minecraft:oak_leaves":3,"minecraft:white_wool":3,"minecraft:crossbow":4,"minecraft:shears":96,"biomesoplenty:jacaranda_planks":4,"minecraft:bread":4,"minecraft:gravel":8,"rogcontinued:dragonslayer":309,"minecraft:mossy_cobblestone_wall":3,"minecraft:bone_meal":78,"minecraft:experience_bottle":1,"minecraft:stone_sword":131,"biomesoplenty:redwood_planks":3,"minecraft:cooked_chicken":4,"minecraft:torch":244,"minecraft:brewing_stand":1,"minecraft:dirt":1472,"minecraft:granite":2,"minecraft:mossy_cobblestone_stairs":1,"minecraft:iron_hoe":83,"minecraft:wooden_axe":46,"minecraft:iron_axe":1277,"minecraft:oak_stairs":427,"minecraft:iron_boots":1,"gobber2:gobber2_gooey_beef":2,"alexsmobs:banana":1,"comforts:sleeping_bag_white":1,"minecraft:cobbled_deepslate":24,"minecraft:iron_leggings":1,"farmersdelight:fried_egg":26,"minecraft:wheat_seeds":122,"minecraft:water_bucket":24,"minecraft:mossy_cobblestone":24,"minecraft:vine":46,"minecraft:crafting_table":12,"minecraft:white_bed":3,"untameddelight:cooked_boar_chop":13,"minecraft:smoker":1,"untameddelight:cooked_bison_meat":7,"minecraft:oak_log":529,"minecraft:apple":25,"waystones:mossy_waystone":1,"minecraft:iron_pickaxe":1393,"rogcontinued:bonelance":2,"minecraft:stone_axe":422,"twigs:twig":1,"minecraft:cobblestone":158,"minecraft:cooked_porkchop":15,"minecraft:bucket":31},"minecraft:picked_up":{"minecraft:wheat":95,"twigs:roseate_seashell":1,"minecraft:smithing_table":1,"minecraft:lead":2,"minecraft:oak_stairs":21,"enemyexpansion:wasp_thorax":8,"untamedwilds:flora_hemlock":1,"rogcontinued:mistveiledleadelixir":5,"biomesoplenty:redwood_leaves":10,"minecraft:brewing_stand":1,"minecraft:string":4,"minecraft:raw_copper":280,"rogcontinued:tileofdecarabianstower":3,"minecraft:experience_bottle":1,"alexsmobs:banana":1,"minecraft:cobbled_deepslate":241,"comforts:sleeping_bag_white":1,"twigs:pebble":10,"rogcontinued:borealwolfsmilktooth":2,"minecraft:melon_slice":81,"minecraft:furnace":7,"iceandfire:pixie_dust":9,"minecraft:stick":18,"minecraft:torch":36,"iceandfire:silver_ore":8,"minecraft:porkchop":15,"iceandfire:rotten_egg":9,"minecraft:diorite":48,"minecraft:vine":46,"rogcontinued:fettersofthedandeliongladiator":4,"mna:sachet_ender":3,"farmersdelight:fried_egg":3,"minecraft:rotten_flesh":30,"untameddelight:boar_chop":19,"untamedwilds:flora_yarrow":3,"minecraft:cobblestone":1225,"biomesoplenty:lavender":23,"minecraft:birch_log":385,"minecraft:feather":7,"minecraft:andesite":21,"mna:sachet_water":10,"untamedwilds:hide_bear_black":2,"minecraft:smoker":1,"minecraft:flint":2,"minecraft:tuff":27,"minecraft:dirt":1972,"minecraft:bone":43,"gobber2:gobber2_gooey_beef":3,"minecraft:wheat_seeds":245,"minecraft:raw_gold":14,"twigs:twig":653,"galosphere:raw_silver":10,"mna:cerublossom":5,"untameddelight:bison_meat":8,"minecraft:oak_planks":3,"minecraft:sand":284,"minecraft:grass_block":2,"minecraft:mossy_cobblestone":29,"arclight:cloudstone_cobbled":12,"rogcontinued:luminoussandsfromguyun":4,"minecraft:diamond":9,"rogcontinued:whiteironchunk":5,"minecraft:crossbow":1,"minecraft:granite":21,"rogcontinued:grainofaerosiderite":1,"alexsmobs:maggot":3,"epicsamurai:ruby":6,"minecraft:oak_sapling":418,"twigs:rhyolite":2,"gobber2:gobber2_goo":2,"minecraft:oak_leaves":3,"biomesoplenty:redwood_log":1297,"minecraft:spruce_leaves":25,"minecraft:crafting_table":6,"minecraft:chicken":5,"minecraft:ladder":1,"minecraft:clay_ball":160,"biomesoplenty:jacaranda_sapling":61,"untamedwilds:food_bear_raw":2,"mna:vinteum_ore":16,"minecraft:mossy_cobblestone_wall":3,"minecraft:beef":21,"minecraft:jungle_sapling":1,"biomesoplenty:sprout":6,"minecraft:poppy":4,"minecraft:chest":16,"minecraft:birch_sapling":166,"minecraft:egg":155,"minecraft:dark_oak_sapling":4,"minecraft:raw_iron":244,"untamedwilds:flora_bush_temperate":3,"ironchest:iron_chest":22,"farmersdelight:tomato_seeds":3,"minecraft:redstone":46,"biomesoplenty:redwood_planks":3,"minecraft:arrow":41,"biomesoplenty:jacaranda_log":90,"biomesoplenty:redwood_sapling":487,"minecraft:brick_stairs":1,"minecraft:mutton":6,"minecraft:white_wool":22,"arclight:moon_sapling":1,"minecraft:oxeye_daisy":2,"rogcontinued:ironchunk":5,"gobber2:gobber2_gooey_beefstew":1,"minecraft:leather":95,"minecraft:oak_log":1171,"iceandfire:ectoplasm":1,"biomesoplenty:jacaranda_planks":2,"minecraft:apple":47,"untamedwilds:material_fat":39,"minecraft:iron_ingot":6,"arphex:burning_glands":2,"minecraft:pumpkin":6,"mna:mark_of_the_undead":1,"rogcontinued:chainsofthedandeliongladiator":1,"waystones:mossy_waystone":2,"minecraft:raw_iron_block":8,"minecraft:gravel":21,"minecraft:blast_furnace":2,"minecraft:spruce_sapling":49,"minecraft:spruce_log":57,"biomesoplenty:jacaranda_leaves":2,"mna:aum":1,"minecraft:spider_eye":1,"mna:sachet_earth":1,"biomesoplenty:flowering_oak_sapling":9,"travelersbackpack:standard":1,"biomesoplenty:mahogany_log":24,"minecraft:mossy_cobblestone_stairs":1,"minecraft:damaged_anvil":1,"minecraft:coal":629,"minecraft:ender_pearl":2},"minecraft:broken":{"minecraft:iron_shovel":9,"minecraft:stone_pickaxe":4,"minecraft:stone_axe":3,"minecraft:stone_sword":1,"minecraft:iron_axe":5,"minecraft:iron_pickaxe":8},"minecraft:mined":{"minecraft:oak_sapling":1,"rogcontinued:whiteironchunkore":5,"minecraft:brewing_stand":1,"minecraft:granite":20,"minecraft:grass_block":984,"twigs:twig":3,"minecraft:oxeye_daisy":2,"minecraft:raw_iron_block":8,"rogcontinued:ironchunkore":6,"minecraft:mossy_cobblestone_stairs":4,"biomesoplenty:lavender":25,"minecraft:pumpkin":6,"minecraft:sculk_shrieker":1,"biomesoplenty:redwood_log":6,"minecraft:dirt_path":4,"minecraft:oak_stairs":21,"biomesoplenty:jacaranda_leaves":3,"minecraft:deepslate_redstone_ore":2,"minecraft:smoker":1,"minecraft:clay":40,"minecraft:torch":14,"minecraft:blast_furnace":2,"minecraft:mossy_cobblestone_wall":3,"minecraft:poppy":3,"minecraft:melon":17,"mna:cerublossom":2,"minecraft:chest":16,"minecraft:cobblestone":3,"minecraft:oak_planks":3,"minecraft:damaged_anvil":1,"minecraft:wall_torch":8,"minecraft:birch_log":3,"minecraft:wheat":95,"minecraft:grass":102,"minecraft:oak_log":51,"minecraft:sand":284,"minecraft:dirt":536,"twigs:rhyolite":1,"minecraft:oak_leaves":25,"minecraft:deepslate":228,"minecraft:tuff":27,"untamedwilds:flora_junegrass":1,"iceandfire:silver_ore":1,"minecraft:mossy_cobblestone":29,"biomesoplenty:desert_grass":5,"minecraft:ladder":1,"untamedwilds:flora_hemlock":3,"biomesoplenty:bush":32,"epicsamurai:deepslate_ruby_ore":1,"minecraft:brick_stairs":1,"minecraft:spruce_leaves":96,"mna:vinteum_ore":1,"minecraft:sandstone":3,"minecraft:large_fern":1,"biomesoplenty:jacaranda_log":4,"minecraft:furnace":7,"mna:aum":1,"minecraft:andesite":27,"treechop:chopped_log":211,"minecraft:vine":46,"ironchest:iron_chest":22,"minecraft:stripped_oak_log":2,"minecraft:stone":1214,"minecraft:podzol":217,"minecraft:smithing_table":1,"twigs:pebble":1,"biomesoplenty:redwood_planks":3,"minecraft:crafting_table":6,"untamedwilds:flora_bush_temperate":1,"minecraft:sculk_sensor":1,"minecraft:tall_grass":1,"minecraft:copper_ore":2,"biomesoplenty:sprout":13,"minecraft:deepslate_gold_ore":1,"arclight:cloudstone":12,"minecraft:sculk":1,"minecraft:diorite":50,"untamedwilds:block_burrow":3,"minecraft:spruce_log":42,"minecraft:birch_leaves":1,"gobber2:gobber2_lucky_block_deepslate":4,"minecraft:coal_ore":1,"biomesoplenty:redwood_leaves":20,"minecraft:gravel":31,"minecraft:fern":14},"minecraft:killed":{"enemyexpansion:equestrian":3,"minecraft:spider":7,"minecraft:skeleton":9,"minecraft:chicken":7,"arphex:ant_arsonist":1,"mna:spell_breaker":1,"minecraft:pig":6,"enemyexpansion:ladybug":1,"untamedwilds:boar":16,"minecraft:creeper":2,"minecraft:sheep":4,"minecraft:trader_llama":1,"minecraft:zombie":15,"enemyexpansion:botfly":2,"untamedwilds:bison":23,"alexsmobs:fly":3,"untamedwilds:snake":8,"minecraft:cow":10,"enemyexpansion:wasp":20,"mna:skeleton_assassin":1,"alexsmobs:tasmanian_devil":2,"enemyexpansion:direwolf":2,"minecraft:horse":5,"arphex:long_legs_fly":1,"mna:barkling":6,"enemyexpansion:goblin":1,"mna:hulking_zombie":1,"mna:witch_hunter":5,"naturalist:bear":3,"untamedwilds:newt":3,"enemyexpansion:sprinter":4,"iceandfire:ghost":2,"enemyexpansion:huntsman":1,"naturalist:lizard":2,"minecraft:enderman":2,"enemyexpansion:slugger":6}},"DataVersion":3120}