{"stats":{"minecraft:crafted":{"minecraft:oak_planks":48,"minecraft:cooked_chicken":4,"minecraft:furnace":4,"minecraft:iron_boots":1,"minecraft:iron_axe":1,"minecraft:stone_pickaxe":5,"minecraft:chest":3,"untameddelight:cooked_boar_chop":3,"paraglider:paraglider":1,"minecraft:crafting_table":2,"minecraft:wooden_pickaxe":2,"minecraft:iron_helmet":1,"minecraft:birch_planks":76,"minecraft:stone_axe":2,"minecraft:air":0,"farmersdelight:fried_egg":45,"minecraft:iron_chestplate":1,"minecraft:charcoal":5,"minecraft:stick":112,"minecraft:iron_ingot":43,"minecraft:iron_pickaxe":3,"minecraft:wooden_axe":1,"minecraft:stone_sword":1,"minecraft:iron_leggings":1,"untameddelight:cooked_bison_meat":1,"minecraft:white_bed":1,"minecraft:torch":108,"minecraft:shears":1},"minecraft:custom":{"minecraft:mob_kills":22,"minecraft:interact_with_crafting_table":30,"minecraft:open_barrel":3,"minecraft:leave_game":12,"minecraft:time_since_death":71267,"minecraft:climb_one_cm":808,"minecraft:sprint_one_cm":280232,"minecraft:walk_one_cm":337130,"minecraft:drop":22,"minecraft:play_time":169767,"minecraft:deaths":4,"minecraft:sneak_time":14346,"minecraft:walk_under_water_one_cm":11591,"minecraft:jump":1973,"minecraft:walk_on_water_one_cm":12562,"minecraft:total_world_time":169767,"minecraft:interact_with_furnace":48,"minecraft:sleep_in_bed":2,"minecraft:time_since_rest":7876,"minecraft:waystone_activated":1,"minecraft:damage_taken":2450,"minecraft:damage_dealt":4247,"minecraft:fly_one_cm":1151797,"minecraft:swim_one_cm":26881,"minecraft:open_chest":19,"minecraft:crouch_one_cm":16346,"minecraft:fall_one_cm":29212,"minecraft:horse_one_cm":3901},"minecraft:picked_up":{"minecraft:spruce_leaves":1,"minecraft:crafting_table":5,"minecraft:chicken":4,"biomesoplenty:jacaranda_sapling":3,"minecraft:raw_copper":176,"mna:vinteum_ore":2,"minecraft:cobbled_deepslate":45,"twigs:pebble":8,"minecraft:beef":6,"minecraft:poppy":3,"minecraft:melon_slice":81,"minecraft:birch_sapling":46,"minecraft:furnace":6,"minecraft:egg":81,"iceandfire:pixie_dust":2,"minecraft:raw_iron":91,"minecraft:torch":2,"iceandfire:silver_ore":1,"farmersdelight:tomato_seeds":3,"iceandfire:rotten_egg":3,"minecraft:diorite":47,"minecraft:redstone":25,"farmersdelight:fried_egg":3,"minecraft:rotten_flesh":5,"biomesoplenty:jacaranda_log":7,"untameddelight:boar_chop":4,"minecraft:oxeye_daisy":2,"minecraft:white_wool":5,"minecraft:cobblestone":436,"biomesoplenty:lavender":2,"rogcontinued:ironchunk":5,"minecraft:birch_log":166,"minecraft:feather":4,"minecraft:andesite":9,"minecraft:leather":12,"gobber2:gobber2_gooey_beefstew":1,"minecraft:flint":2,"minecraft:oak_log":56,"minecraft:dirt":58,"minecraft:bone":7,"minecraft:apple":1,"untamedwilds:material_fat":3,"gobber2:gobber2_gooey_beef":1,"minecraft:wheat_seeds":2,"minecraft:raw_gold":2,"minecraft:iron_ingot":6,"mna:cerublossom":1,"galosphere:raw_silver":2,"twigs:twig":57,"untameddelight:bison_meat":4,"minecraft:oak_planks":1,"waystones:mossy_waystone":2,"minecraft:gravel":13,"minecraft:sand":4,"minecraft:spruce_sapling":8,"minecraft:spruce_log":7,"mna:aum":1,"biomesoplenty:flowering_oak_sapling":7,"arclight:cloudstone_cobbled":12,"biomesoplenty:mahogany_log":24,"rogcontinued:luminoussandsfromguyun":1,"minecraft:diamond":1,"minecraft:granite":14,"minecraft:oak_sapling":19,"epicsamurai:ruby":6,"twigs:rhyolite":2,"minecraft:coal":130,"gobber2:gobber2_goo":2},"minecraft:mined":{"minecraft:granite":13,"epicsamurai:deepslate_ruby_ore":1,"minecraft:grass_block":6,"minecraft:spruce_leaves":17,"minecraft:oxeye_daisy":2,"minecraft:sandstone":3,"rogcontinued:ironchunkore":5,"minecraft:furnace":6,"biomesoplenty:lavender":2,"mna:aum":1,"minecraft:andesite":15,"treechop:chopped_log":34,"minecraft:stone":485,"minecraft:crafting_table":5,"minecraft:poppy":3,"minecraft:melon":17,"mna:cerublossom":1,"minecraft:copper_ore":1,"biomesoplenty:sprout":3,"arclight:cloudstone":12,"minecraft:oak_planks":1,"minecraft:diorite":49,"minecraft:wall_torch":2,"minecraft:birch_log":1,"minecraft:spruce_log":9,"gobber2:gobber2_lucky_block_deepslate":4,"minecraft:grass":21,"minecraft:gravel":24,"minecraft:sand":3,"minecraft:dirt":64,"twigs:rhyolite":1,"minecraft:deepslate":29},"minecraft:dropped":{"farmersdelight:tomato_seeds":6,"mna:cerublossom":1,"minecraft:cobblestone":1,"minecraft:granite":5,"arclight:cloudstone_cobbled":12,"twigs:pebble":4,"minecraft:oxeye_daisy":2,"minecraft:dirt":10,"minecraft:diorite":18,"minecraft:rose_bush":1,"minecraft:sand":4,"twigs:rhyolite":2,"minecraft:pumpkin_seeds":4,"minecraft:copper_ore":64,"minecraft:poppy":3,"minecraft:andesite":9,"minecraft:melon_seeds":3},"minecraft:broken":{"minecraft:stone_pickaxe":4,"minecraft:stone_axe":1,"minecraft:iron_pickaxe":1},"minecraft:killed_by":{"iceandfire:sea_serpent":2,"iceandfire:lightning_dragon":1,"naturalist:bear":1},"minecraft:killed":{"minecraft:spider":1,"minecraft:chicken":4,"untamedwilds:boar":4,"minecraft:creeper":1,"minecraft:zombie":1,"untamedwilds:bison":2,"untamedwilds:snake":2,"minecraft:cow":2,"enemyexpansion:slugger":5},"minecraft:used":{"minecraft:stone_sword":95,"minecraft:chest":3,"minecraft:cooked_chicken":4,"minecraft:torch":70,"minecraft:dirt":24,"minecraft:granite":2,"minecraft:wooden_axe":46,"minecraft:iron_axe":93,"minecraft:iron_helmet":1,"minecraft:iron_boots":1,"minecraft:furnace":8,"minecraft:cobbled_deepslate":13,"farmersdelight:fried_egg":11,"minecraft:iron_leggings":1,"minecraft:diorite":3,"minecraft:stone_pickaxe":408,"minecraft:oak_planks":1,"minecraft:wooden_pickaxe":14,"minecraft:crafting_table":7,"untameddelight:cooked_boar_chop":2,"minecraft:white_bed":1,"minecraft:shears":1,"minecraft:apple":1,"waystones:mossy_waystone":1,"minecraft:iron_pickaxe":252,"minecraft:gravel":7,"minecraft:stone_axe":161}},"DataVersion":3120}