{"stats":{"minecraft:crafted":{"minecraft:oak_planks":24,"minecraft:crafting_table":1,"minecraft:wooden_pickaxe":1,"minecraft:cooked_chicken":4,"minecraft:furnace":2,"minecraft:stone_axe":1,"minecraft:air":0,"farmersdelight:fried_egg":37,"minecraft:charcoal":5,"minecraft:stick":24,"minecraft:iron_ingot":6,"minecraft:stone_pickaxe":3,"minecraft:wooden_axe":1,"untameddelight:cooked_bison_meat":1,"minecraft:torch":48},"minecraft:custom":{"minecraft:interact_with_furnace":28,"minecraft:mob_kills":4,"minecraft:interact_with_crafting_table":9,"minecraft:leave_game":12,"minecraft:time_since_death":87388,"minecraft:climb_one_cm":378,"minecraft:time_since_rest":87421,"minecraft:sprint_one_cm":168213,"minecraft:damage_taken":350,"minecraft:walk_one_cm":159204,"minecraft:drop":9,"minecraft:damage_dealt":290,"minecraft:swim_one_cm":1536,"minecraft:fly_one_cm":1023786,"minecraft:open_chest":1,"minecraft:crouch_one_cm":3802,"minecraft:play_time":91767,"minecraft:deaths":1,"minecraft:sneak_time":4792,"minecraft:walk_under_water_one_cm":9453,"minecraft:jump":766,"minecraft:walk_on_water_one_cm":7220,"minecraft:total_world_time":91767,"minecraft:fall_one_cm":9583},"minecraft:picked_up":{"rogcontinued:ironchunk":5,"minecraft:crafting_table":2,"minecraft:feather":4,"minecraft:chicken":4,"minecraft:leather":3,"biomesoplenty:jacaranda_sapling":3,"minecraft:flint":2,"minecraft:oak_log":50,"minecraft:dirt":44,"minecraft:raw_copper":49,"minecraft:apple":1,"minecraft:wheat_seeds":2,"twigs:pebble":8,"minecraft:poppy":3,"twigs:twig":10,"minecraft:melon_slice":81,"mna:cerublossom":1,"untameddelight:bison_meat":1,"minecraft:egg":66,"minecraft:furnace":4,"minecraft:raw_iron":45,"minecraft:torch":2,"waystones:mossy_waystone":2,"iceandfire:silver_ore":1,"minecraft:gravel":13,"iceandfire:rotten_egg":3,"minecraft:diorite":26,"mna:aum":1,"biomesoplenty:flowering_oak_sapling":6,"biomesoplenty:mahogany_log":24,"farmersdelight:fried_egg":3,"biomesoplenty:jacaranda_log":5,"minecraft:granite":9,"minecraft:oak_sapling":19,"minecraft:coal":81,"biomesoplenty:lavender":2,"minecraft:cobblestone":156,"minecraft:oxeye_daisy":2},"minecraft:mined":{"minecraft:crafting_table":2,"minecraft:granite":9,"minecraft:grass_block":3,"minecraft:poppy":3,"minecraft:melon":17,"mna:cerublossom":1,"biomesoplenty:sprout":3,"minecraft:diorite":26,"minecraft:oxeye_daisy":2,"minecraft:wall_torch":2,"rogcontinued:ironchunkore":5,"minecraft:furnace":4,"biomesoplenty:lavender":2,"mna:aum":1,"treechop:chopped_log":7,"minecraft:grass":21,"minecraft:gravel":15,"minecraft:dirt":41,"minecraft:stone":156},"minecraft:dropped":{"mna:cerublossom":1,"minecraft:cobblestone":1,"minecraft:granite":1,"minecraft:oxeye_daisy":2,"minecraft:copper_ore":64,"twigs:pebble":4,"minecraft:poppy":3,"minecraft:dirt":4,"minecraft:rose_bush":1},"minecraft:broken":{"minecraft:stone_pickaxe":2},"minecraft:killed_by":{"naturalist:bear":1},"minecraft:killed":{"minecraft:spider":1,"minecraft:chicken":4},"minecraft:used":{"minecraft:stone_pickaxe":219,"minecraft:wooden_pickaxe":6,"minecraft:cooked_chicken":4,"minecraft:torch":17,"minecraft:dirt":16,"minecraft:crafting_table":2,"minecraft:granite":2,"minecraft:wooden_axe":46,"minecraft:apple":1,"minecraft:gravel":7,"minecraft:stone_axe":31,"minecraft:furnace":4,"farmersdelight:fried_egg":3}},"DataVersion":3120}