{"stats":{"minecraft:picked_up":{"minecraft:poppy":3,"mna:cerublossom":1,"minecraft:oxeye_daisy":2},"minecraft:dropped":{"minecraft:copper_ore":64,"minecraft:oxeye_daisy":2,"minecraft:poppy":3,"minecraft:rose_bush":1,"mna:cerublossom":1},"minecraft:killed_by":{"naturalist:bear":1},"minecraft:custom":{"minecraft:time_since_rest":30832,"minecraft:crouch_one_cm":114,"minecraft:damage_taken":220,"minecraft:play_time":35178,"minecraft:sprint_one_cm":29727,"minecraft:deaths":1,"minecraft:walk_one_cm":29731,"minecraft:sneak_time":475,"minecraft:walk_under_water_one_cm":7318,"minecraft:drop":5,"minecraft:jump":141,"minecraft:damage_dealt":10,"minecraft:leave_game":9,"minecraft:time_since_death":30799,"minecraft:walk_on_water_one_cm":1546,"minecraft:total_world_time":35178,"minecraft:fall_one_cm":2912,"minecraft:fly_one_cm":950054},"minecraft:mined":{"minecraft:grass":1,"minecraft:poppy":3,"mna:cerublossom":1,"mna:aum":1,"minecraft:oxeye_daisy":2}},"DataVersion":3120}