{"stats":{"minecraft:killed":{"minecraft:spider":1,"minecraft:skeleton":1,"arphex:long_legs_fly":1,"minecraft:chicken":4,"mna:barkling":4,"untamedwilds:boar":9,"enemyexpansion:sprinter":1,"minecraft:creeper":1,"minecraft:zombie":1,"untamedwilds:bison":5,"alexsmobs:fly":2,"untamedwilds:snake":4,"minecraft:cow":2,"enemyexpansion:slugger":5},"minecraft:picked_up":{"biomesoplenty:redwood_log":414,"minecraft:spruce_leaves":1,"minecraft:crafting_table":6,"minecraft:chicken":4,"minecraft:ladder":1,"minecraft:clay_ball":160,"minecraft:smithing_table":1,"biomesoplenty:jacaranda_sapling":3,"untamedwilds:flora_hemlock":1,"minecraft:raw_copper":242,"mna:vinteum_ore":13,"minecraft:cobbled_deepslate":152,"twigs:pebble":8,"minecraft:beef":6,"minecraft:poppy":3,"minecraft:melon_slice":81,"minecraft:birch_sapling":49,"minecraft:furnace":7,"minecraft:egg":81,"iceandfire:pixie_dust":2,"minecraft:stick":9,"minecraft:raw_iron":138,"minecraft:torch":10,"iceandfire:silver_ore":1,"farmersdelight:tomato_seeds":3,"iceandfire:rotten_egg":3,"minecraft:diorite":48,"minecraft:redstone":25,"farmersdelight:fried_egg":3,"minecraft:arrow":2,"minecraft:rotten_flesh":5,"biomesoplenty:jacaranda_log":7,"untameddelight:boar_chop":14,"biomesoplenty:redwood_sapling":70,"minecraft:brick_stairs":1,"minecraft:birch_log":166,"minecraft:cobblestone":946,"minecraft:white_wool":9,"rogcontinued:ironchunk":5,"minecraft:oxeye_daisy":2,"biomesoplenty:lavender":2,"minecraft:feather":4,"minecraft:andesite":21,"mna:sachet_water":10,"gobber2:gobber2_gooey_beefstew":1,"minecraft:leather":23,"minecraft:flint":2,"minecraft:tuff":27,"minecraft:oak_log":56,"minecraft:dirt":240,"minecraft:bone":23,"minecraft:apple":1,"untamedwilds:material_fat":6,"gobber2:gobber2_gooey_beef":1,"minecraft:wheat_seeds":4,"minecraft:raw_gold":2,"minecraft:iron_ingot":6,"twigs:twig":97,"galosphere:raw_silver":2,"mna:cerublossom":2,"untameddelight:bison_meat":8,"minecraft:oak_planks":1,"waystones:mossy_waystone":2,"minecraft:gravel":19,"minecraft:sand":34,"minecraft:spruce_sapling":10,"minecraft:blast_furnace":2,"minecraft:spruce_log":8,"travelersbackpack:standard":1,"mna:aum":1,"biomesoplenty:flowering_oak_sapling":7,"arclight:cloudstone_cobbled":12,"biomesoplenty:mahogany_log":24,"rogcontinued:luminoussandsfromguyun":1,"minecraft:diamond":9,"rogcontinued:whiteironchunk":5,"minecraft:granite":21,"twigs:rhyolite":2,"minecraft:oak_sapling":19,"epicsamurai:ruby":6,"minecraft:damaged_anvil":1,"minecraft:coal":498,"gobber2:gobber2_goo":2},"minecraft:killed_by":{"iceandfire:sea_serpent":2,"iceandfire:lightning_dragon":1,"naturalist:bear":1},"minecraft:dropped":{"farmersdelight:tomato_seeds":6,"mna:cerublossom":1,"minecraft:cobblestone":1,"minecraft:granite":5,"travelersbackpack:standard":1,"arclight:cloudstone_cobbled":12,"twigs:pebble":4,"minecraft:oxeye_daisy":2,"minecraft:dirt":10,"minecraft:diorite":18,"minecraft:rose_bush":1,"minecraft:sand":4,"twigs:rhyolite":2,"minecraft:pumpkin_seeds":4,"minecraft:copper_ore":64,"minecraft:poppy":3,"minecraft:andesite":9,"minecraft:melon_seeds":3},"minecraft:mined":{"minecraft:tuff":27,"rogcontinued:whiteironchunkore":5,"minecraft:ladder":1,"minecraft:granite":20,"untamedwilds:flora_hemlock":3,"epicsamurai:deepslate_ruby_ore":1,"minecraft:grass_block":137,"minecraft:brick_stairs":1,"minecraft:spruce_leaves":21,"mna:vinteum_ore":1,"minecraft:oxeye_daisy":2,"minecraft:sandstone":3,"rogcontinued:ironchunkore":5,"minecraft:furnace":7,"biomesoplenty:lavender":2,"mna:aum":1,"minecraft:andesite":27,"treechop:chopped_log":35,"minecraft:dirt_path":1,"minecraft:stone":998,"minecraft:smithing_table":1,"minecraft:clay":40,"minecraft:crafting_table":6,"minecraft:torch":1,"minecraft:blast_furnace":2,"minecraft:poppy":3,"minecraft:melon":17,"mna:cerublossom":1,"minecraft:copper_ore":2,"biomesoplenty:sprout":3,"arclight:cloudstone":12,"minecraft:oak_planks":1,"minecraft:damaged_anvil":1,"minecraft:diorite":50,"minecraft:wall_torch":6,"minecraft:birch_log":1,"minecraft:spruce_log":10,"gobber2:gobber2_lucky_block_deepslate":4,"minecraft:grass":21,"minecraft:coal_ore":1,"minecraft:gravel":30,"minecraft:sand":34,"minecraft:dirt":118,"twigs:rhyolite":1,"minecraft:deepslate":139},"minecraft:used":{"minecraft:stone_sword":131,"minecraft:iron_shovel":250,"minecraft:ladder":306,"minecraft:chest":5,"minecraft:iron_sword":37,"minecraft:cooked_chicken":4,"minecraft:torch":119,"minecraft:dirt":126,"minecraft:granite":2,"minecraft:wooden_axe":46,"minecraft:iron_axe":102,"minecraft:iron_helmet":1,"minecraft:iron_boots":1,"minecraft:furnace":8,"minecraft:cobbled_deepslate":13,"farmersdelight:fried_egg":11,"minecraft:iron_leggings":1,"minecraft:water_bucket":7,"minecraft:diorite":3,"minecraft:stone_pickaxe":408,"minecraft:oak_planks":1,"minecraft:wooden_pickaxe":14,"minecraft:crafting_table":9,"minecraft:white_bed":1,"untameddelight:cooked_boar_chop":6,"minecraft:shears":1,"untameddelight:cooked_bison_meat":6,"minecraft:apple":1,"waystones:mossy_waystone":1,"minecraft:iron_pickaxe":964,"minecraft:gravel":8,"minecraft:stone_axe":161,"minecraft:cobblestone":11,"minecraft:bucket":15},"minecraft:broken":{"minecraft:iron_shovel":1,"minecraft:stone_sword":1,"minecraft:stone_pickaxe":4,"minecraft:stone_axe":1,"minecraft:iron_pickaxe":6},"minecraft:crafted":{"minecraft:oak_planks":48,"minecraft:cooked_chicken":4,"minecraft:furnace":4,"minecraft:glass":30,"travelersbackpack:white_sleeping_bag":1,"minecraft:iron_boots":1,"minecraft:iron_axe":1,"minecraft:ladder":381,"minecraft:stone_pickaxe":5,"minecraft:chest":35,"untameddelight:cooked_boar_chop":8,"paraglider:paraglider":1,"minecraft:crafting_table":3,"minecraft:spruce_planks":28,"biomesoplenty:redwood_planks":632,"travelersbackpack:backpack_tank":2,"travelersbackpack:standard":1,"minecraft:wooden_pickaxe":2,"minecraft:iron_helmet":1,"minecraft:iron_sword":1,"minecraft:birch_planks":76,"minecraft:stone_axe":2,"minecraft:air":0,"farmersdelight:fried_egg":45,"minecraft:iron_chestplate":1,"minecraft:charcoal":5,"minecraft:stick":1022,"minecraft:iron_block":2,"minecraft:iron_ingot":80,"minecraft:iron_pickaxe":6,"minecraft:wooden_axe":1,"minecraft:stone_sword":1,"minecraft:gold_ingot":2,"minecraft:iron_shovel":1,"minecraft:iron_leggings":1,"untameddelight:cooked_bison_meat":7,"minecraft:white_bed":1,"minecraft:torch":288,"minecraft:shears":1},"minecraft:custom":{"minecraft:mob_kills":41,"minecraft:interact_with_crafting_table":50,"minecraft:open_barrel":3,"minecraft:leave_game":13,"minecraft:time_since_death":171189,"minecraft:climb_one_cm":83815,"minecraft:sprint_one_cm":418255,"minecraft:walk_one_cm":542405,"minecraft:drop":23,"minecraft:play_time":269689,"minecraft:deaths":4,"minecraft:sneak_time":26415,"minecraft:walk_under_water_one_cm":12066,"minecraft:jump":3056,"minecraft:walk_on_water_one_cm":12924,"minecraft:total_world_time":269689,"minecraft:interact_with_furnace":84,"minecraft:sleep_in_bed":8,"minecraft:time_since_rest":3200,"minecraft:waystone_activated":1,"minecraft:damage_taken":3032,"minecraft:damage_dealt":7452,"minecraft:swim_one_cm":31270,"minecraft:fly_one_cm":1272997,"minecraft:open_chest":66,"minecraft:crouch_one_cm":33953,"minecraft:fall_one_cm":58672,"minecraft:horse_one_cm":3901}},"DataVersion":3120}