{"stats":{"minecraft:killed":{"minecraft:spider":1,"minecraft:skeleton":1,"arphex:long_legs_fly":1,"minecraft:chicken":4,"mna:barkling":4,"enemyexpansion:goblin":1,"untamedwilds:boar":12,"enemyexpansion:sprinter":1,"minecraft:creeper":1,"minecraft:zombie":1,"untamedwilds:bison":5,"alexsmobs:fly":3,"untamedwilds:snake":5,"minecraft:cow":2,"enemyexpansion:slugger":5},"minecraft:picked_up":{"biomesoplenty:redwood_log":414,"minecraft:spruce_leaves":1,"minecraft:crafting_table":6,"minecraft:chicken":4,"minecraft:ladder":1,"minecraft:clay_ball":160,"minecraft:smithing_table":1,"biomesoplenty:jacaranda_sapling":3,"untamedwilds:flora_hemlock":1,"minecraft:raw_copper":242,"minecraft:experience_bottle":1,"mna:vinteum_ore":16,"minecraft:cobbled_deepslate":152,"twigs:pebble":9,"minecraft:beef":6,"minecraft:poppy":3,"minecraft:melon_slice":81,"minecraft:birch_sapling":50,"minecraft:furnace":7,"minecraft:egg":81,"iceandfire:pixie_dust":2,"minecraft:stick":9,"minecraft:raw_iron":144,"minecraft:torch":16,"iceandfire:silver_ore":1,"farmersdelight:tomato_seeds":3,"iceandfire:rotten_egg":3,"minecraft:diorite":48,"minecraft:redstone":25,"farmersdelight:fried_egg":3,"minecraft:arrow":2,"minecraft:rotten_flesh":5,"biomesoplenty:jacaranda_log":7,"untameddelight:boar_chop":17,"biomesoplenty:redwood_sapling":70,"minecraft:brick_stairs":1,"minecraft:birch_log":166,"rogcontinued:ironchunk":5,"minecraft:white_wool":9,"minecraft:cobblestone":1031,"minecraft:oxeye_daisy":2,"biomesoplenty:lavender":2,"minecraft:feather":4,"minecraft:andesite":21,"gobber2:gobber2_gooey_beefstew":1,"mna:sachet_water":10,"minecraft:leather":25,"minecraft:flint":2,"minecraft:tuff":27,"minecraft:oak_log":56,"minecraft:dirt":759,"minecraft:bone":23,"minecraft:apple":1,"untamedwilds:material_fat":10,"minecraft:wheat_seeds":10,"gobber2:gobber2_gooey_beef":1,"minecraft:raw_gold":2,"minecraft:iron_ingot":6,"twigs:twig":119,"galosphere:raw_silver":2,"mna:cerublossom":2,"untameddelight:bison_meat":8,"minecraft:oak_planks":1,"waystones:mossy_waystone":2,"minecraft:gravel":19,"minecraft:sand":34,"minecraft:spruce_sapling":30,"minecraft:blast_furnace":2,"minecraft:spruce_log":28,"mna:aum":1,"biomesoplenty:flowering_oak_sapling":7,"arclight:cloudstone_cobbled":12,"travelersbackpack:standard":1,"biomesoplenty:mahogany_log":24,"rogcontinued:luminoussandsfromguyun":1,"minecraft:diamond":9,"rogcontinued:whiteironchunk":5,"minecraft:granite":21,"alexsmobs:maggot":2,"twigs:rhyolite":2,"minecraft:oak_sapling":19,"epicsamurai:ruby":6,"minecraft:damaged_anvil":1,"minecraft:coal":498,"gobber2:gobber2_goo":2},"minecraft:killed_by":{"iceandfire:sea_serpent":2,"iceandfire:lightning_dragon":1,"naturalist:bear":1},"minecraft:dropped":{"farmersdelight:tomato_seeds":6,"mna:cerublossom":1,"minecraft:cobblestone":1,"minecraft:granite":5,"travelersbackpack:standard":1,"arclight:cloudstone_cobbled":12,"twigs:pebble":4,"minecraft:oxeye_daisy":2,"minecraft:dirt":10,"minecraft:diorite":18,"minecraft:rose_bush":1,"minecraft:sand":4,"twigs:rhyolite":2,"minecraft:pumpkin_seeds":4,"minecraft:copper_ore":64,"minecraft:poppy":3,"minecraft:andesite":9,"minecraft:melon_seeds":3},"minecraft:mined":{"minecraft:tuff":27,"rogcontinued:whiteironchunkore":5,"biomesoplenty:desert_grass":4,"minecraft:ladder":1,"minecraft:granite":20,"biomesoplenty:bush":32,"untamedwilds:flora_hemlock":3,"epicsamurai:deepslate_ruby_ore":1,"minecraft:grass_block":553,"minecraft:brick_stairs":1,"twigs:twig":1,"minecraft:spruce_leaves":52,"mna:vinteum_ore":1,"minecraft:oxeye_daisy":2,"minecraft:sandstone":3,"rogcontinued:ironchunkore":5,"minecraft:furnace":7,"biomesoplenty:lavender":2,"mna:aum":1,"minecraft:andesite":27,"treechop:chopped_log":35,"minecraft:dirt_path":1,"minecraft:stone":1083,"minecraft:smithing_table":1,"twigs:pebble":1,"minecraft:clay":40,"minecraft:crafting_table":6,"minecraft:torch":1,"minecraft:blast_furnace":2,"minecraft:poppy":3,"minecraft:melon":17,"mna:cerublossom":1,"minecraft:copper_ore":2,"biomesoplenty:sprout":3,"arclight:cloudstone":12,"minecraft:oak_planks":1,"minecraft:damaged_anvil":1,"minecraft:diorite":50,"minecraft:wall_torch":6,"untamedwilds:block_burrow":1,"minecraft:birch_log":1,"minecraft:spruce_log":30,"gobber2:gobber2_lucky_block_deepslate":4,"minecraft:grass":49,"minecraft:coal_ore":1,"minecraft:gravel":30,"minecraft:sand":34,"minecraft:dirt":220,"twigs:rhyolite":1,"minecraft:deepslate":139},"minecraft:used":{"minecraft:stone_sword":131,"minecraft:iron_shovel":762,"minecraft:ladder":306,"minecraft:chest":5,"minecraft:iron_sword":39,"minecraft:cooked_chicken":4,"minecraft:torch":135,"minecraft:dirt":687,"biomesoplenty:redwood_fence":24,"minecraft:granite":2,"minecraft:iron_hoe":24,"minecraft:wooden_axe":46,"minecraft:iron_axe":141,"minecraft:iron_helmet":1,"minecraft:iron_boots":1,"minecraft:furnace":8,"minecraft:cobbled_deepslate":13,"farmersdelight:fried_egg":11,"minecraft:iron_leggings":1,"minecraft:wheat_seeds":6,"minecraft:water_bucket":14,"minecraft:diorite":3,"biomesoplenty:redwood_fence_gate":2,"minecraft:stone_pickaxe":408,"minecraft:oak_planks":1,"minecraft:wooden_pickaxe":14,"minecraft:crafting_table":9,"minecraft:white_bed":1,"untameddelight:cooked_boar_chop":9,"minecraft:shears":1,"untameddelight:cooked_bison_meat":7,"minecraft:apple":1,"waystones:mossy_waystone":1,"minecraft:iron_pickaxe":1053,"minecraft:stone_axe":161,"minecraft:gravel":8,"rogcontinued:dragonslayer":8,"minecraft:cobblestone":11,"minecraft:bucket":21},"minecraft:broken":{"minecraft:iron_shovel":2,"minecraft:stone_sword":1,"minecraft:stone_pickaxe":4,"minecraft:stone_axe":1,"minecraft:iron_pickaxe":6},"minecraft:crafted":{"minecraft:oak_planks":48,"minecraft:iron_nugget":9,"minecraft:cooked_chicken":4,"minecraft:furnace":4,"rogcontinued:dragonslayer":1,"minecraft:glass":30,"travelersbackpack:white_sleeping_bag":1,"minecraft:iron_boots":1,"minecraft:iron_hoe":1,"minecraft:iron_axe":1,"minecraft:ladder":381,"minecraft:stone_pickaxe":5,"minecraft:chest":35,"untameddelight:cooked_boar_chop":11,"paraglider:paraglider":1,"minecraft:crafting_table":3,"minecraft:spruce_planks":28,"biomesoplenty:redwood_planks":1144,"travelersbackpack:backpack_tank":2,"minecraft:iron_helmet":1,"minecraft:wooden_pickaxe":2,"travelersbackpack:standard":1,"biomesoplenty:redwood_fence":144,"minecraft:iron_sword":1,"biomesoplenty:redwood_fence_gate":2,"minecraft:copper_ingot":64,"minecraft:birch_planks":76,"minecraft:stone_axe":2,"minecraft:air":0,"farmersdelight:fried_egg":45,"minecraft:iron_chestplate":1,"minecraft:charcoal":5,"minecraft:stick":1450,"minecraft:iron_ingot":108,"minecraft:iron_pickaxe":14,"minecraft:wooden_axe":1,"minecraft:iron_block":2,"minecraft:stone_sword":1,"minecraft:iron_leggings":1,"minecraft:iron_shovel":5,"minecraft:gold_ingot":2,"untameddelight:cooked_bison_meat":8,"minecraft:white_bed":1,"minecraft:torch":288,"minecraft:shears":1},"minecraft:custom":{"minecraft:mob_kills":47,"minecraft:interact_with_crafting_table":61,"minecraft:open_barrel":3,"minecraft:leave_game":14,"minecraft:time_since_death":238765,"minecraft:climb_one_cm":115001,"minecraft:sprint_one_cm":497621,"minecraft:walk_one_cm":766088,"minecraft:drop":23,"minecraft:talked_to_villager":1,"minecraft:play_time":337265,"minecraft:deaths":4,"minecraft:sneak_time":35086,"minecraft:walk_under_water_one_cm":12066,"minecraft:jump":3883,"minecraft:walk_on_water_one_cm":13022,"minecraft:total_world_time":337265,"minecraft:interact_with_furnace":98,"minecraft:sleep_in_bed":11,"minecraft:time_since_rest":6304,"minecraft:waystone_activated":1,"minecraft:damage_taken":3266,"minecraft:damage_dealt":8202,"minecraft:swim_one_cm":31270,"minecraft:open_chest":113,"minecraft:fly_one_cm":1327482,"minecraft:crouch_one_cm":81917,"minecraft:fall_one_cm":74041,"minecraft:horse_one_cm":3901}},"DataVersion":3120}