{"stats":{"minecraft:crafted":{"minecraft:oak_planks":48,"minecraft:crafting_table":2,"minecraft:wooden_pickaxe":2,"minecraft:cooked_chicken":4,"minecraft:furnace":4,"minecraft:stone_axe":2,"minecraft:air":0,"farmersdelight:fried_egg":37,"minecraft:charcoal":5,"minecraft:stick":46,"minecraft:iron_pickaxe":1,"minecraft:iron_ingot":9,"minecraft:stone_pickaxe":5,"minecraft:wooden_axe":1,"minecraft:stone_sword":1,"minecraft:chest":1,"untameddelight:cooked_bison_meat":1,"minecraft:torch":84},"minecraft:custom":{"minecraft:interact_with_furnace":32,"minecraft:mob_kills":4,"minecraft:interact_with_crafting_table":17,"minecraft:leave_game":12,"minecraft:time_since_death":17267,"minecraft:climb_one_cm":378,"minecraft:time_since_rest":17313,"minecraft:waystone_activated":1,"minecraft:sprint_one_cm":209225,"minecraft:damage_taken":2183,"minecraft:walk_one_cm":198806,"minecraft:drop":9,"minecraft:damage_dealt":363,"minecraft:swim_one_cm":23657,"minecraft:fly_one_cm":1073365,"minecraft:open_chest":2,"minecraft:crouch_one_cm":11555,"minecraft:play_time":115767,"minecraft:deaths":4,"minecraft:sneak_time":11788,"minecraft:walk_under_water_one_cm":11539,"minecraft:jump":1064,"minecraft:walk_on_water_one_cm":11672,"minecraft:total_world_time":115767,"minecraft:horse_one_cm":3901,"minecraft:fall_one_cm":16099},"minecraft:picked_up":{"rogcontinued:ironchunk":5,"minecraft:crafting_table":3,"minecraft:feather":4,"minecraft:chicken":4,"minecraft:andesite":9,"minecraft:leather":3,"biomesoplenty:jacaranda_sapling":3,"minecraft:flint":2,"minecraft:oak_log":56,"minecraft:dirt":58,"minecraft:raw_copper":122,"minecraft:apple":1,"minecraft:wheat_seeds":2,"minecraft:cobbled_deepslate":3,"twigs:pebble":8,"minecraft:poppy":3,"twigs:twig":13,"minecraft:melon_slice":81,"mna:cerublossom":1,"untameddelight:bison_meat":1,"minecraft:oak_planks":1,"minecraft:egg":81,"minecraft:furnace":4,"minecraft:raw_iron":76,"minecraft:torch":2,"waystones:mossy_waystone":2,"iceandfire:silver_ore":1,"minecraft:gravel":13,"minecraft:sand":2,"iceandfire:rotten_egg":3,"minecraft:diorite":30,"mna:aum":1,"arclight:cloudstone_cobbled":12,"biomesoplenty:flowering_oak_sapling":7,"biomesoplenty:mahogany_log":24,"farmersdelight:fried_egg":3,"biomesoplenty:jacaranda_log":7,"minecraft:granite":10,"minecraft:oak_sapling":19,"twigs:rhyolite":1,"minecraft:coal":102,"biomesoplenty:lavender":2,"minecraft:cobblestone":318,"minecraft:oxeye_daisy":2},"minecraft:mined":{"minecraft:crafting_table":3,"minecraft:granite":9,"minecraft:grass_block":3,"minecraft:poppy":3,"minecraft:melon":17,"mna:cerublossom":1,"minecraft:copper_ore":1,"biomesoplenty:sprout":3,"minecraft:oak_planks":1,"arclight:cloudstone":12,"minecraft:diorite":31,"minecraft:oxeye_daisy":2,"minecraft:wall_torch":2,"rogcontinued:ironchunkore":5,"minecraft:furnace":4,"biomesoplenty:lavender":2,"mna:aum":1,"minecraft:andesite":9,"treechop:chopped_log":8,"minecraft:grass":21,"minecraft:gravel":15,"minecraft:sand":2,"minecraft:dirt":55,"twigs:rhyolite":1,"minecraft:stone":319,"minecraft:deepslate":3},"minecraft:dropped":{"mna:cerublossom":1,"minecraft:cobblestone":1,"minecraft:granite":1,"minecraft:oxeye_daisy":2,"minecraft:copper_ore":64,"twigs:pebble":4,"minecraft:poppy":3,"minecraft:dirt":4,"minecraft:rose_bush":1},"minecraft:broken":{"minecraft:stone_pickaxe":4},"minecraft:killed_by":{"iceandfire:lightning_dragon":1,"iceandfire:sea_serpent":2,"naturalist:bear":1},"minecraft:killed":{"minecraft:spider":1,"minecraft:chicken":4},"minecraft:used":{"minecraft:diorite":3,"minecraft:stone_sword":1,"minecraft:stone_pickaxe":408,"minecraft:oak_planks":1,"minecraft:chest":1,"minecraft:wooden_pickaxe":14,"minecraft:cooked_chicken":4,"minecraft:torch":24,"minecraft:dirt":24,"minecraft:crafting_table":5,"minecraft:granite":2,"minecraft:wooden_axe":46,"minecraft:apple":1,"minecraft:iron_pickaxe":6,"waystones:mossy_waystone":1,"minecraft:gravel":7,"minecraft:stone_axe":32,"minecraft:furnace":6,"farmersdelight:fried_egg":3}},"DataVersion":3120}