{"stats":{"minecraft:crafted":{"minecraft:wooden_sword":1,"minecraft:oak_planks":88,"minecraft:cobblestone_slab":318,"minecraft:furnace":1,"iceandfire:lectern":1,"iceandfire:armor_silver_metal_chestplate":1,"minecraft:polished_deepslate":192,"minecraft:stone_pickaxe":7,"galosphere:silver_ingot":4,"minecraft:brick_slab":6,"biomesoplenty:jacaranda_stairs":12,"minecraft:wheat":90,"minecraft:oak_slab":54,"biomesoplenty:jacaranda_planks":40,"iceandfire:silver_ingot":9,"minecraft:crafting_table":1,"minecraft:spruce_planks":8,"minecraft:wooden_pickaxe":1,"minecraft:golden_shovel":3,"minecraft:stone_axe":2,"minecraft:bread":30,"minecraft:polished_deepslate_slab":12,"biomesoplenty:jacaranda_slab":18,"minecraft:air":0,"iceandfire:armor_silver_metal_helmet":1,"minecraft:wooden_hoe":1,"minecraft:stick":58,"minecraft:oak_stairs":12,"minecraft:iron_shovel":4,"minecraft:torch":76},"minecraft:custom":{"minecraft:mob_kills":6,"minecraft:interact_with_crafting_table":36,"minecraft:leave_game":1,"minecraft:time_since_death":163235,"minecraft:climb_one_cm":2240,"minecraft:sprint_one_cm":229366,"minecraft:walk_one_cm":655768,"minecraft:talked_to_villager":2,"minecraft:play_time":163235,"minecraft:sneak_time":1198,"minecraft:walk_under_water_one_cm":647,"minecraft:jump":988,"minecraft:interact_with_brewingstand":1,"minecraft:walk_on_water_one_cm":2558,"minecraft:total_world_time":163235,"minecraft:interact_with_furnace":6,"minecraft:sleep_in_bed":4,"minecraft:time_since_rest":43228,"minecraft:waystone_activated":1,"minecraft:damage_taken":779,"minecraft:trigger_trapped_chest":2,"minecraft:damage_dealt":1256,"minecraft:swim_one_cm":1901,"minecraft:fly_one_cm":128030,"minecraft:open_chest":48,"minecraft:crouch_one_cm":4365,"minecraft:fall_one_cm":20874},"minecraft:used":{"iceandfire:lectern":1,"iceandfire:silver_sword":8,"minecraft:iron_shovel":121,"minecraft:polished_deepslate":153,"minecraft:black_carpet":4,"minecraft:chest":2,"minecraft:torch":87,"minecraft:brewing_stand":1,"minecraft:dirt":97,"minecraft:brick_slab":8,"minecraft:golden_shovel":96,"biomesoplenty:jacaranda_slab":17,"minecraft:oak_stairs":20,"biomesoplenty:jacaranda_stairs":18,"minecraft:furnace":1,"minecraft:stone_pickaxe":917,"minecraft:baked_potato":6,"minecraft:oak_planks":110,"minecraft:wooden_pickaxe":59,"minecraft:cauldron":4,"minecraft:cobblestone_slab":328,"minecraft:polished_deepslate_slab":13,"minecraft:oak_slab":44,"minecraft:crafting_table":2,"biomesoplenty:jacaranda_planks":10,"minecraft:apple":4,"minecraft:bread":6,"minecraft:iron_pickaxe":109,"minecraft:stone_axe":116,"minecraft:wooden_sword":11,"minecraft:cobblestone":200,"minecraft:yellow_bed":2},"minecraft:picked_up":{"iceandfire:dragon_skull_lightning":1,"minecraft:charcoal":6,"minecraft:crafting_table":1,"minecraft:black_carpet":8,"minecraft:oak_stairs":8,"biomesoplenty:jacaranda_sapling":2,"untamedwilds:flora_hemlock":1,"minecraft:brewing_stand":2,"minecraft:polished_deepslate":10,"iceandfire:manuscript":1,"minecraft:raw_copper":37,"minecraft:cobbled_deepslate":282,"minecraft:cobblestone_slab":24,"minecraft:chest":2,"minecraft:egg":3,"minecraft:dark_oak_sapling":4,"iceandfire:dragonbone":19,"minecraft:polished_deepslate_slab":2,"minecraft:torch":26,"untamedwilds:flora_bush_temperate":2,"iceandfire:silver_ore":9,"minecraft:diorite":18,"minecraft:carrot":1,"minecraft:cauldron":8,"minecraft:rotten_flesh":3,"biomesoplenty:jacaranda_log":10,"biomesoplenty:jacaranda_stairs":6,"minecraft:peony":1,"minecraft:hay_block":10,"minecraft:cobblestone":554,"biomesoplenty:lavender":3,"rogcontinued:ironchunk":3,"minecraft:lilac":1,"minecraft:andesite":63,"minecraft:oak_log":23,"minecraft:yellow_bed":2,"biomesoplenty:jacaranda_planks":10,"minecraft:dirt":526,"minecraft:apple":6,"minecraft:wheat_seeds":2,"galosphere:raw_silver":4,"twigs:twig":20,"minecraft:oak_planks":69,"minecraft:oak_slab":4,"minecraft:spruce_sapling":4,"minecraft:spruce_log":23,"minecraft:dark_oak_log":13,"mna:aum":3,"minecraft:brick_slab":8,"biomesoplenty:flowering_oak_sapling":2,"rogcontinued:luminoussandsfromguyun":1,"minecraft:granite":49,"minecraft:oak_sapling":20,"minecraft:coal":30,"rogcontinued:grainofaerosiderite":1,"minecraft:bricks":3},"minecraft:broken":{"minecraft:golden_shovel":3,"minecraft:wooden_pickaxe":1,"minecraft:stone_pickaxe":7},"minecraft:mined":{"iceandfire:silver_ore":9,"iceandfire:graveyard_soil":1,"biomesoplenty:desert_grass":1,"minecraft:brewing_stand":2,"minecraft:granite":49,"biomesoplenty:bush":86,"minecraft:grass_block":202,"biomesoplenty:flowering_oak_leaves":1,"biomesoplenty:jacaranda_stairs":6,"minecraft:hay_block":9,"rogcontinued:ironchunkore":3,"biomesoplenty:lavender":1,"mna:aum":2,"minecraft:andesite":63,"minecraft:black_carpet":3,"treechop:chopped_log":6,"minecraft:peony":1,"minecraft:polished_deepslate":10,"minecraft:vine":1,"minecraft:water_cauldron":5,"minecraft:cobblestone_slab":17,"minecraft:polished_deepslate_slab":2,"minecraft:oak_stairs":8,"minecraft:stone":552,"minecraft:oak_slab":4,"biomesoplenty:jacaranda_planks":10,"minecraft:crafting_table":1,"minecraft:torch":11,"untamedwilds:flora_bush_temperate":1,"minecraft:chest":2,"minecraft:campfire":3,"galosphere:silver_ore":4,"minecraft:copper_ore":12,"minecraft:cobblestone":8,"minecraft:oak_planks":74,"minecraft:bricks":3,"minecraft:diorite":18,"minecraft:wall_torch":10,"minecraft:cauldron":3,"minecraft:brick_slab":8,"minecraft:lilac":1,"minecraft:yellow_bed":2,"minecraft:grass":24,"minecraft:coal_ore":30,"minecraft:oak_log":19,"minecraft:dirt":341,"minecraft:oak_leaves":28,"minecraft:deepslate":282},"minecraft:killed":{"minecraft:zombie":3,"iceandfire:ghost":2,"enemyexpansion:wasp":1}},"DataVersion":3120}