{"stats":{"minecraft:crafted":{"minecraft:wooden_sword":1,"minecraft:oak_planks":76,"minecraft:cobblestone_slab":318,"biomesoplenty:jacaranda_planks":40,"iceandfire:silver_ingot":9,"minecraft:crafting_table":1,"minecraft:spruce_planks":8,"minecraft:wooden_pickaxe":1,"minecraft:furnace":1,"iceandfire:lectern":1,"minecraft:golden_shovel":3,"minecraft:stone_axe":2,"minecraft:polished_deepslate_slab":6,"minecraft:bread":30,"minecraft:air":0,"iceandfire:armor_silver_metal_chestplate":1,"iceandfire:armor_silver_metal_helmet":1,"minecraft:wooden_hoe":1,"minecraft:polished_deepslate":192,"minecraft:iron_shovel":4,"minecraft:oak_stairs":12,"minecraft:stick":58,"minecraft:stone_pickaxe":7,"galosphere:silver_ingot":4,"minecraft:torch":76,"minecraft:brick_slab":6,"biomesoplenty:jacaranda_stairs":8,"minecraft:wheat":90},"minecraft:custom":{"minecraft:interact_with_furnace":6,"minecraft:mob_kills":6,"minecraft:interact_with_crafting_table":31,"minecraft:leave_game":1,"minecraft:time_since_death":151235,"minecraft:sleep_in_bed":4,"minecraft:climb_one_cm":2240,"minecraft:time_since_rest":31228,"minecraft:waystone_activated":1,"minecraft:sprint_one_cm":200801,"minecraft:damage_taken":699,"minecraft:walk_one_cm":603107,"minecraft:trigger_trapped_chest":2,"minecraft:damage_dealt":1166,"minecraft:swim_one_cm":1901,"minecraft:fly_one_cm":123176,"minecraft:talked_to_villager":2,"minecraft:open_chest":46,"minecraft:crouch_one_cm":4365,"minecraft:play_time":151235,"minecraft:sneak_time":1173,"minecraft:walk_under_water_one_cm":647,"minecraft:interact_with_brewingstand":1,"minecraft:jump":945,"minecraft:walk_on_water_one_cm":2558,"minecraft:total_world_time":151235,"minecraft:fall_one_cm":20665},"minecraft:used":{"iceandfire:lectern":1,"minecraft:iron_shovel":76,"minecraft:polished_deepslate":125,"iceandfire:silver_sword":8,"minecraft:baked_potato":6,"minecraft:stone_pickaxe":896,"minecraft:oak_planks":110,"minecraft:black_carpet":4,"minecraft:chest":2,"minecraft:wooden_pickaxe":59,"minecraft:cauldron":4,"minecraft:cobblestone_slab":328,"minecraft:torch":80,"minecraft:polished_deepslate_slab":7,"minecraft:brewing_stand":1,"minecraft:dirt":97,"minecraft:crafting_table":2,"minecraft:brick_slab":8,"minecraft:golden_shovel":96,"biomesoplenty:jacaranda_planks":10,"minecraft:apple":4,"minecraft:oak_stairs":14,"minecraft:bread":6,"minecraft:iron_pickaxe":18,"biomesoplenty:jacaranda_stairs":13,"minecraft:cobblestone":200,"minecraft:stone_axe":102,"minecraft:wooden_sword":11,"minecraft:furnace":1,"minecraft:yellow_bed":2},"minecraft:picked_up":{"rogcontinued:ironchunk":2,"iceandfire:dragon_skull_lightning":1,"minecraft:charcoal":6,"minecraft:crafting_table":1,"minecraft:black_carpet":8,"minecraft:lilac":1,"minecraft:andesite":63,"minecraft:oak_stairs":6,"biomesoplenty:jacaranda_sapling":2,"minecraft:oak_log":19,"minecraft:brewing_stand":2,"minecraft:yellow_bed":2,"biomesoplenty:jacaranda_planks":10,"minecraft:polished_deepslate":6,"iceandfire:manuscript":1,"minecraft:dirt":478,"minecraft:raw_copper":35,"minecraft:apple":5,"minecraft:wheat_seeds":2,"minecraft:cobbled_deepslate":282,"minecraft:cobblestone_slab":24,"galosphere:raw_silver":4,"twigs:twig":19,"minecraft:chest":2,"minecraft:oak_planks":69,"minecraft:egg":2,"minecraft:dark_oak_sapling":4,"minecraft:polished_deepslate_slab":2,"iceandfire:dragonbone":19,"minecraft:torch":22,"untamedwilds:flora_bush_temperate":2,"iceandfire:silver_ore":9,"minecraft:spruce_sapling":4,"minecraft:diorite":18,"minecraft:carrot":1,"minecraft:spruce_log":23,"minecraft:dark_oak_log":13,"mna:aum":3,"minecraft:cauldron":8,"biomesoplenty:flowering_oak_sapling":2,"minecraft:brick_slab":8,"minecraft:rotten_flesh":3,"rogcontinued:luminoussandsfromguyun":1,"biomesoplenty:jacaranda_log":10,"biomesoplenty:jacaranda_stairs":6,"minecraft:peony":1,"minecraft:hay_block":10,"minecraft:granite":49,"minecraft:oak_sapling":16,"minecraft:bricks":3,"rogcontinued:grainofaerosiderite":1,"minecraft:coal":28,"minecraft:cobblestone":451,"biomesoplenty:lavender":3},"minecraft:broken":{"minecraft:stone_pickaxe":6,"minecraft:golden_shovel":3,"minecraft:wooden_pickaxe":1},"minecraft:mined":{"iceandfire:graveyard_soil":1,"iceandfire:silver_ore":9,"biomesoplenty:jacaranda_planks":10,"biomesoplenty:desert_grass":1,"minecraft:brewing_stand":2,"minecraft:crafting_table":1,"minecraft:torch":11,"untamedwilds:flora_bush_temperate":1,"minecraft:granite":49,"biomesoplenty:bush":81,"minecraft:grass_block":172,"minecraft:chest":2,"biomesoplenty:flowering_oak_leaves":1,"minecraft:campfire":3,"galosphere:silver_ore":4,"biomesoplenty:jacaranda_stairs":6,"minecraft:copper_ore":11,"minecraft:cobblestone":8,"minecraft:oak_planks":74,"minecraft:bricks":3,"minecraft:diorite":18,"minecraft:wall_torch":6,"minecraft:cauldron":3,"minecraft:hay_block":9,"minecraft:brick_slab":8,"rogcontinued:ironchunkore":2,"minecraft:lilac":1,"biomesoplenty:lavender":1,"minecraft:polished_deepslate_slab":2,"mna:aum":2,"minecraft:polished_deepslate":6,"minecraft:andesite":63,"treechop:chopped_log":6,"minecraft:black_carpet":3,"minecraft:yellow_bed":2,"minecraft:peony":1,"minecraft:oak_stairs":6,"minecraft:grass":21,"minecraft:oak_log":15,"minecraft:coal_ore":28,"minecraft:cobblestone_slab":17,"minecraft:water_cauldron":5,"minecraft:vine":1,"minecraft:dirt":314,"minecraft:stone":449,"minecraft:oak_leaves":23,"minecraft:deepslate":282},"minecraft:killed":{"minecraft:zombie":3,"iceandfire:ghost":2,"enemyexpansion:wasp":1}},"DataVersion":3120}